flightTime,cycleId,经,lat,alt,heading,pitch,roll,radar_status
2026-07-21 08:00:00.000,1,104.070000,30.640000,680.0,89.72,0.25,0.00,有效
2026-07-21 08:00:01.000,2,104.070471,30.640002,680.2,89.15,0.13,-0.45,有效
2026-07-21 08:00:02.000,3,104.070942,30.640008,680.3,88.73,0.25,-0.34,有效
2026-07-21 08:00:03.000,4,104.071413,30.640017,680.5,88.02,0.13,-0.57,有效
2026-07-21 08:00:04.000,5,104.071884,30.640031,680.6,87.60,0.25,-0.34,有效
2026-07-21 08:00:05.000,6,104.072355,30.640048,680.8,87.03,0.13,-0.45,有效
2026-07-21 08:00:06.000,7,104.072826,30.640069,680.9,86.46,0.25,-0.46,有效
2026-07-21 08:00:07.000,8,104.073296,30.640094,681.1,85.90,0.25,-0.45,有效
2026-07-21 08:00:08.000,9,104.073766,30.640123,681.3,85.47,0.13,-0.35,有效
2026-07-21 08:00:09.000,10,104.074235,30.640155,681.4,84.76,0.25,-0.56,有效
2026-07-21 08:00:10.000,11,104.074704,30.640192,681.6,84.33,0.13,-0.35,有效
2026-07-21 08:00:11.000,12,104.075172,30.640232,681.7,83.76,0.25,-0.45,有效
2026-07-21 08:00:12.000,13,104.075640,30.640276,681.9,83.19,0.13,-0.46,有效
2026-07-21 08:00:13.000,14,104.076107,30.640324,682.0,82.77,0.25,-0.34,有效
2026-07-21 08:00:14.000,15,104.076574,30.640375,682.2,82.05,0.13,-0.57,有效
2026-07-21 08:00:15.000,16,104.077040,30.640431,682.3,81.61,0.25,-0.35,有效
2026-07-21 08:00:16.000,17,104.077505,30.640490,682.5,81.03,0.25,-0.46,有效
2026-07-21 08:00:17.000,18,104.077969,30.640553,682.7,80.45,0.13,-0.46,有效
2026-07-21 08:00:18.000,19,104.078432,30.640620,682.8,79.89,0.25,-0.45,有效
2026-07-21 08:00:19.000,20,104.078895,30.640691,683.0,79.43,0.13,-0.37,有效
2026-07-21 08:00:20.000,21,104.079356,30.640765,683.1,78.85,0.26,-0.46,有效
2026-07-21 08:00:21.000,22,104.079816,30.640843,683.3,78.29,0.13,-0.45,有效
2026-07-21 08:00:22.000,23,104.080276,30.640925,683.4,77.83,0.26,-0.37,有效
2026-07-21 08:00:23.000,24,104.080734,30.641010,683.6,77.11,0.13,-0.58,有效
2026-07-21 08:00:24.000,25,104.081191,30.641100,683.7,76.66,0.26,-0.35,有效
2026-07-21 08:00:25.000,26,104.081647,30.641193,683.9,76.19,0.13,-0.38,有效
2026-07-21 08:00:26.000,27,104.082101,30.641289,684.0,75.50,0.26,-0.55,有效
2026-07-21 08:00:27.000,28,104.082555,30.641390,684.2,75.00,0.13,-0.41,有效
2026-07-21 08:00:28.000,29,104.083006,30.641494,684.3,74.45,0.26,-0.44,有效
2026-07-21 08:00:29.000,30,104.083457,30.641602,684.5,73.97,0.13,-0.38,有效
2026-07-21 08:00:30.000,31,104.083906,30.641713,684.6,73.35,0.26,-0.49,有效
2026-07-21 08:00:31.000,32,104.084353,30.641828,684.8,72.77,0.13,-0.47,有效
2026-07-21 08:00:32.000,33,104.084799,30.641947,684.9,72.29,0.26,-0.39,有效
2026-07-21 08:00:33.000,34,104.085243,30.642069,685.1,71.71,0.13,-0.46,有效
2026-07-21 08:00:34.000,35,104.085686,30.642195,685.2,71.09,0.26,-0.50,有效
2026-07-21 08:00:35.000,36,104.086127,30.642325,685.4,70.60,0.13,-0.39,有效
2026-07-21 08:00:36.000,37,104.086566,30.642458,685.5,69.98,0.26,-0.50,有效
2026-07-21 08:00:37.000,38,104.087003,30.642595,685.7,69.49,0.13,-0.39,有效
2026-07-21 08:00:38.000,39,104.087438,30.642735,685.8,68.91,0.26,-0.46,有效
2026-07-21 08:00:39.000,40,104.087872,30.642879,686.0,68.38,0.13,-0.43,有效
2026-07-21 08:00:40.000,41,104.088303,30.643026,686.1,67.80,0.13,-0.46,有效
2026-07-21 08:00:41.000,42,104.088733,30.643177,686.2,67.26,0.26,-0.43,有效
2026-07-21 08:00:42.000,43,104.089160,30.643331,686.4,66.63,0.13,-0.50,有效
2026-07-21 08:00:43.000,44,104.089585,30.643489,686.5,66.19,0.26,-0.36,有效
2026-07-21 08:00:44.000,45,104.090009,30.643650,686.7,65.51,0.13,-0.54,有效
2026-07-21 08:00:45.000,46,104.090430,30.643815,686.8,64.96,0.13,-0.44,有效
2026-07-21 08:00:46.000,47,104.090848,30.643983,686.9,64.52,0.26,-0.36,有效
2026-07-21 08:00:47.000,48,104.091265,30.644154,687.1,63.83,0.13,-0.55,有效
2026-07-21 08:00:48.000,49,104.091679,30.644329,687.2,63.21,0.26,-0.50,有效
2026-07-21 08:00:49.000,50,104.092091,30.644508,687.4,62.78,0.13,-0.34,有效
2026-07-21 08:00:50.000,51,104.092500,30.644689,687.5,62.15,0.13,-0.50,有效
2026-07-21 08:00:51.000,52,104.092907,30.644874,687.6,61.59,0.26,-0.45,有效
2026-07-21 08:00:52.000,53,104.093311,30.645062,687.8,60.96,0.13,-0.50,有效
2026-07-21 08:00:53.000,54,104.093713,30.645254,687.9,60.40,0.13,-0.45,有效
2026-07-21 08:00:54.000,55,104.094112,30.645449,688.0,59.90,0.26,-0.40,有效
2026-07-21 08:00:55.000,56,104.094509,30.645647,688.2,59.33,0.13,-0.45,有效
2026-07-21 08:00:56.000,57,104.094903,30.645848,688.3,58.77,0.13,-0.45,有效
2026-07-21 08:00:57.000,58,104.095294,30.646052,688.4,58.07,0.26,-0.55,有效
2026-07-21 08:00:58.000,59,104.095682,30.646260,688.6,57.57,0.13,-0.40,有效
2026-07-21 08:00:59.000,60,104.096068,30.646471,688.7,57.05,0.13,-0.41,有效
2026-07-21 08:01:00.000,61,104.096450,30.646684,688.8,56.43,0.13,-0.50,有效
2026-07-21 08:01:01.000,62,104.096830,30.646901,688.9,55.85,0.26,-0.46,有效
2026-07-21 08:01:02.000,63,104.097207,30.647121,689.1,55.16,0.13,-0.56,有效
2026-07-21 08:01:03.000,64,104.097581,30.647345,689.2,54.70,0.13,-0.37,有效
2026-07-21 08:01:04.000,65,104.097952,30.647571,689.3,54.05,0.13,-0.52,有效
2026-07-21 08:01:05.000,66,104.098319,30.647800,689.4,53.54,0.26,-0.40,有效
2026-07-21 08:01:06.000,67,104.098684,30.648032,689.6,52.96,0.13,-0.46,有效
2026-07-21 08:01:07.000,68,104.099046,30.648267,689.7,52.30,0.13,-0.53,有效
2026-07-21 08:01:08.000,69,104.099404,30.648505,689.8,51.72,0.13,-0.47,有效
2026-07-21 08:01:09.000,70,104.099759,30.648746,689.9,51.14,0.13,-0.47,有效
2026-07-21 08:01:10.000,71,104.100111,30.648990,690.0,50.48,0.27,-0.53,有效
2026-07-21 08:01:11.000,72,104.100459,30.649237,690.2,50.09,0.13,-0.31,有效
2026-07-21 08:01:12.000,73,104.100805,30.649486,690.3,49.34,0.13,-0.60,有效
2026-07-21 08:01:13.000,74,104.101146,30.649738,690.4,48.83,0.13,-0.40,有效
2026-07-21 08:01:14.000,75,104.101485,30.649993,690.5,48.16,0.13,-0.54,有效
2026-07-21 08:01:15.000,76,104.101820,30.650251,690.6,47.49,0.13,-0.54,有效
2026-07-21 08:01:16.000,77,104.102151,30.650512,690.7,47.01,0.13,-0.38,有效
2026-07-21 08:01:17.000,78,104.102479,30.650775,690.8,46.43,0.13,-0.47,有效
2026-07-21 08:01:18.000,79,104.102804,30.651041,690.9,45.77,0.13,-0.53,有效
2026-07-21 08:01:19.000,80,104.103124,30.651309,691.0,45.27,0.13,-0.40,有效
2026-07-21 08:01:20.000,81,104.103442,30.651580,691.1,44.50,0.27,-0.62,有效
2026-07-21 08:01:21.000,82,104.103755,30.651854,691.3,44.02,0.13,-0.39,有效
2026-07-21 08:01:22.000,83,104.104065,30.652130,691.4,43.34,0.13,-0.54,有效
2026-07-21 08:01:23.000,84,104.104371,30.652409,691.5,42.76,0.13,-0.46,有效
2026-07-21 08:01:24.000,85,104.104673,30.652690,691.6,42.17,0.13,-0.47,有效
2026-07-21 08:01:25.000,86,104.104972,30.652974,691.7,41.49,0.14,-0.54,有效
2026-07-21 08:01:26.000,87,104.105266,30.653260,691.8,41.00,0.14,-0.39,有效
2026-07-21 08:01:27.000,88,104.105557,30.653548,691.9,40.31,0.00,-0.55,有效
2026-07-21 08:01:28.000,89,104.105844,30.653839,691.9,39.72,0.14,-0.47,有效
2026-07-21 08:01:29.000,90,104.106127,30.654132,692.0,39.04,0.14,-0.55,有效
2026-07-21 08:01:30.000,91,104.106406,30.654428,692.1,38.54,0.14,-0.40,有效
2026-07-21 08:01:31.000,92,104.106681,30.654725,692.2,37.85,0.14,-0.55,有效
2026-07-21 08:01:32.000,93,104.106952,30.655025,692.3,37.25,0.14,-0.48,有效
2026-07-21 08:01:33.000,94,104.107219,30.655327,692.4,36.55,0.14,-0.56,有效
2026-07-21 08:01:34.000,95,104.107481,30.655631,692.5,35.97,0.14,-0.47,有效
2026-07-21 08:01:35.000,96,104.107740,30.655938,692.6,35.46,0.14,-0.41,有效
2026-07-21 08:01:36.000,97,104.107995,30.656246,692.7,34.66,0.00,-0.64,有效
2026-07-21 08:01:37.000,98,104.108245,30.656557,692.7,34.15,0.14,-0.41,有效
2026-07-21 08:01:38.000,99,104.108491,30.656869,692.8,33.46,0.14,-0.55,有效
2026-07-21 08:01:39.000,100,104.108733,30.657184,692.9,32.94,0.14,-0.42,有效
2026-07-21 08:01:40.000,101,104.108971,30.657500,693.0,32.33,0.14,-0.48,有效
2026-07-21 08:01:41.000,102,104.109205,30.657818,693.1,31.54,0.00,-0.64,有效
2026-07-21 08:01:42.000,103,104.109434,30.658139,693.1,31.01,0.14,-0.42,有效
2026-07-21 08:01:43.000,104,104.109659,30.658461,693.2,30.29,0.14,-0.58,有效
2026-07-21 08:01:44.000,105,104.109879,30.658785,693.3,29.76,0.14,-0.43,有效
2026-07-21 08:01:45.000,106,104.110095,30.659110,693.4,29.07,0.00,-0.55,有效
2026-07-21 08:01:46.000,107,104.110307,30.659438,693.4,28.42,0.14,-0.52,有效
2026-07-21 08:01:47.000,108,104.110514,30.659767,693.5,27.81,0.14,-0.49,有效
2026-07-21 08:01:48.000,109,104.110717,30.660098,693.6,27.28,0.00,-0.43,有效
2026-07-21 08:01:49.000,110,104.110916,30.660430,693.6,26.55,0.14,-0.58,有效
2026-07-21 08:01:50.000,111,104.111110,30.660764,693.7,25.82,0.14,-0.58,有效
2026-07-21 08:01:51.000,112,104.111299,30.661100,693.8,25.28,0.00,-0.43,有效
2026-07-21 08:01:52.000,113,104.111484,30.661437,693.8,24.55,0.14,-0.58,有效
2026-07-21 08:01:53.000,114,104.111664,30.661776,693.9,24.00,0.00,-0.44,有效
2026-07-21 08:01:54.000,115,104.111840,30.662116,693.9,23.33,0.14,-0.54,有效
2026-07-21 08:01:55.000,116,104.112011,30.662457,694.0,22.72,0.14,-0.49,有效
2026-07-21 08:01:56.000,117,104.112178,30.662800,694.1,22.05,0.00,-0.54,有效
2026-07-21 08:01:57.000,118,104.112340,30.663144,694.1,21.32,0.14,-0.58,有效
2026-07-21 08:01:58.000,119,104.112497,30.663490,694.2,20.83,0.00,-0.40,有效
2026-07-21 08:01:59.000,120,104.112650,30.663836,694.2,20.09,0.14,-0.59,有效
2026-07-21 08:02:00.000,121,104.112798,30.664184,694.3,19.36,0.00,-0.58,有效
2026-07-21 08:02:01.000,122,104.112941,30.664534,694.3,18.73,0.14,-0.50,有效
2026-07-21 08:02:02.000,123,104.113079,30.664884,694.4,18.18,0.00,-0.44,有效
2026-07-21 08:02:03.000,124,104.113213,30.665235,694.4,17.45,0.00,-0.58,有效
2026-07-21 08:02:04.000,125,104.113342,30.665588,694.4,16.94,0.14,-0.41,有效
2026-07-21 08:02:05.000,126,104.113467,30.665941,694.5,16.08,0.00,-0.68,有效
2026-07-21 08:02:06.000,127,104.113586,30.666296,694.5,15.57,0.14,-0.41,有效
2026-07-21 08:02:07.000,128,104.113701,30.666651,694.6,14.84,0.00,-0.58,有效
2026-07-21 08:02:08.000,129,104.113811,30.667008,694.6,14.20,0.00,-0.52,有效
2026-07-21 08:02:09.000,130,104.113916,30.667365,694.6,13.64,0.14,-0.45,有效
2026-07-21 08:02:10.000,131,104.114017,30.667723,694.7,12.82,0.00,-0.65,有效
2026-07-21 08:02:11.000,132,104.114112,30.668082,694.7,12.27,0.00,-0.45,有效
2026-07-21 08:02:12.000,133,104.114203,30.668442,694.7,11.61,0.14,-0.52,有效
2026-07-21 08:02:13.000,134,104.114289,30.668802,694.8,10.92,0.00,-0.55,有效
2026-07-21 08:02:14.000,135,104.114370,30.669163,694.8,10.24,0.00,-0.55,有效
2026-07-21 08:02:15.000,136,104.114446,30.669525,694.8,9.58,0.00,-0.53,有效
2026-07-21 08:02:16.000,137,104.114517,30.669887,694.8,9.02,0.14,-0.44,有效
2026-07-21 08:02:17.000,138,104.114584,30.670250,694.9,8.22,0.00,-0.64,有效
2026-07-21 08:02:18.000,139,104.114645,30.670613,694.9,7.67,0.00,-0.44,有效
2026-07-21 08:02:19.000,140,104.114702,30.670977,694.9,6.85,0.00,-0.65,有效
2026-07-21 08:02:20.000,141,104.114753,30.671342,694.9,6.34,0.00,-0.41,有效
2026-07-21 08:02:21.000,142,104.114800,30.671706,694.9,5.65,0.00,-0.55,有效
2026-07-21 08:02:22.000,143,104.114842,30.672071,694.9,4.97,0.14,-0.55,有效
2026-07-21 08:02:23.000,144,104.114879,30.672437,695.0,4.31,0.00,-0.53,有效
2026-07-21 08:02:24.000,145,104.114911,30.672802,695.0,3.63,0.00,-0.55,有效
2026-07-21 08:02:25.000,146,104.114938,30.673168,695.0,3.09,0.00,-0.43,有效
2026-07-21 08:02:26.000,147,104.114961,30.673534,695.0,2.28,0.00,-0.65,有效
2026-07-21 08:02:27.000,148,104.114978,30.673901,695.0,1.62,0.00,-0.53,有效
2026-07-21 08:02:28.000,149,104.114990,30.674267,695.0,1.08,0.00,-0.43,有效
2026-07-21 08:02:29.000,150,104.114998,30.674633,695.0,0.27,0.00,-0.65,有效
2026-07-21 08:02:30.000,151,104.115000,30.675000,695.0,359.73,0.00,-0.43,有效
2026-07-21 08:02:31.000,152,104.114998,30.675367,695.0,358.92,0.00,-0.65,有效
2026-07-21 08:02:32.000,153,104.114990,30.675733,695.0,358.38,0.00,-0.43,有效
2026-07-21 08:02:33.000,154,104.114978,30.676099,695.0,357.72,0.00,-0.53,有效
2026-07-21 08:02:34.000,155,104.114961,30.676466,695.0,356.91,0.00,-0.65,有效
2026-07-21 08:02:35.000,156,104.114938,30.676832,695.0,356.37,0.00,-0.43,有效
2026-07-21 08:02:36.000,157,104.114911,30.677198,695.0,355.69,0.00,-0.55,有效
2026-07-21 08:02:37.000,158,104.114879,30.677563,695.0,355.03,-0.14,-0.53,有效
2026-07-21 08:02:38.000,159,104.114842,30.677929,694.9,354.35,0.00,-0.55,有效
2026-07-21 08:02:39.000,160,104.114800,30.678294,694.9,353.66,0.00,-0.55,有效
2026-07-21 08:02:40.000,161,104.114753,30.678658,694.9,353.15,0.00,-0.41,有效
2026-07-21 08:02:41.000,162,104.114702,30.679023,694.9,352.33,0.00,-0.65,有效
2026-07-21 08:02:42.000,163,104.114645,30.679387,694.9,351.78,0.00,-0.44,有效
2026-07-21 08:02:43.000,164,104.114584,30.679750,694.9,350.98,-0.14,-0.64,有效
2026-07-21 08:02:44.000,165,104.114517,30.680113,694.8,350.43,0.00,-0.44,有效
2026-07-21 08:02:45.000,166,104.114446,30.680475,694.8,349.77,0.00,-0.53,有效
2026-07-21 08:02:46.000,167,104.114370,30.680837,694.8,349.08,0.00,-0.55,有效
2026-07-21 08:02:47.000,168,104.114289,30.681198,694.8,348.39,-0.14,-0.55,有效
2026-07-21 08:02:48.000,169,104.114203,30.681558,694.7,347.74,0.00,-0.52,有效
2026-07-21 08:02:49.000,170,104.114112,30.681918,694.7,347.18,0.00,-0.44,有效
2026-07-21 08:02:50.000,171,104.114017,30.682277,694.7,346.36,-0.14,-0.65,有效
2026-07-21 08:02:51.000,172,104.113916,30.682635,694.6,345.81,0.00,-0.45,有效
2026-07-21 08:02:52.000,173,104.113811,30.682992,694.6,345.16,0.00,-0.52,有效
2026-07-21 08:02:53.000,174,104.113701,30.683349,694.6,344.43,-0.14,-0.58,有效
2026-07-21 08:02:54.000,175,104.113586,30.683704,694.5,343.92,0.00,-0.41,有效
2026-07-21 08:02:55.000,176,104.113467,30.684059,694.5,343.06,-0.14,-0.68,有效
2026-07-21 08:02:56.000,177,104.113342,30.684412,694.4,342.55,0.00,-0.41,有效
2026-07-21 08:02:57.000,178,104.113213,30.684765,694.4,341.82,0.00,-0.58,有效
2026-07-21 08:02:58.000,179,104.113079,30.685116,694.4,341.27,-0.14,-0.44,有效
2026-07-21 08:02:59.000,180,104.112941,30.685466,694.3,340.64,0.00,-0.50,有效
2026-07-21 08:03:00.000,181,104.112798,30.685816,694.3,339.91,-0.14,-0.58,有效
2026-07-21 08:03:01.000,182,104.112650,30.686164,694.2,339.18,0.00,-0.59,有效
2026-07-21 08:03:02.000,183,104.112497,30.686510,694.2,338.68,-0.14,-0.40,有效
2026-07-21 08:03:03.000,184,104.112340,30.686856,694.1,337.95,0.00,-0.58,有效
2026-07-21 08:03:04.000,185,104.112178,30.687200,694.1,337.28,-0.14,-0.54,有效
2026-07-21 08:03:05.000,186,104.112011,30.687543,694.0,336.67,-0.14,-0.49,有效
2026-07-21 08:03:06.000,187,104.111840,30.687884,693.9,336.00,0.00,-0.54,有效
2026-07-21 08:03:07.000,188,104.111664,30.688224,693.9,335.46,-0.14,-0.44,有效
2026-07-21 08:03:08.000,189,104.111484,30.688563,693.8,334.73,0.00,-0.58,有效
2026-07-21 08:03:09.000,190,104.111299,30.688900,693.8,334.19,-0.14,-0.43,有效
2026-07-21 08:03:10.000,191,104.111110,30.689236,693.7,333.46,-0.14,-0.58,有效
2026-07-21 08:03:11.000,192,104.110916,30.689570,693.6,332.73,0.00,-0.58,有效
2026-07-21 08:03:12.000,193,104.110717,30.689902,693.6,332.19,-0.14,-0.43,有效
2026-07-21 08:03:13.000,194,104.110514,30.690233,693.5,331.58,-0.14,-0.49,有效
2026-07-21 08:03:14.000,195,104.110307,30.690562,693.4,330.93,0.00,-0.52,有效
2026-07-21 08:03:15.000,196,104.110095,30.690890,693.4,330.25,-0.14,-0.55,有效
2026-07-21 08:03:16.000,197,104.109879,30.691215,693.3,329.72,-0.14,-0.43,有效
2026-07-21 08:03:17.000,198,104.109659,30.691539,693.2,329.00,-0.14,-0.58,有效
2026-07-21 08:03:18.000,199,104.109434,30.691861,693.1,328.47,0.00,-0.42,有效
2026-07-21 08:03:19.000,200,104.109205,30.692182,693.1,327.68,-0.14,-0.64,有效
2026-07-21 08:03:20.000,201,104.108971,30.692500,693.0,327.07,-0.14,-0.48,有效
2026-07-21 08:03:21.000,202,104.108733,30.692816,692.9,326.55,-0.14,-0.42,有效
2026-07-21 08:03:22.000,203,104.108491,30.693131,692.8,325.86,-0.14,-0.55,有效
2026-07-21 08:03:23.000,204,104.108245,30.693443,692.7,325.35,0.00,-0.41,有效
2026-07-21 08:03:24.000,205,104.107995,30.693754,692.7,324.55,-0.14,-0.64,有效
2026-07-21 08:03:25.000,206,104.107740,30.694062,692.6,324.04,-0.14,-0.41,有效
2026-07-21 08:03:26.000,207,104.107481,30.694369,692.5,323.46,-0.14,-0.47,有效
2026-07-21 08:03:27.000,208,104.107219,30.694673,692.4,322.76,-0.14,-0.56,有效
2026-07-21 08:03:28.000,209,104.106952,30.694975,692.3,322.16,-0.14,-0.48,有效
2026-07-21 08:03:29.000,210,104.106681,30.695275,692.2,321.47,-0.14,-0.55,有效
2026-07-21 08:03:30.000,211,104.106406,30.695572,692.1,320.98,-0.14,-0.40,有效
2026-07-21 08:03:31.000,212,104.106127,30.695868,692.0,320.29,-0.14,-0.55,有效
2026-07-21 08:03:32.000,213,104.105844,30.696161,691.9,319.70,0.00,-0.47,有效
2026-07-21 08:03:33.000,214,104.105557,30.696452,691.9,319.01,-0.14,-0.55,有效
2026-07-21 08:03:34.000,215,104.105266,30.696740,691.8,318.53,-0.14,-0.39,有效
2026-07-21 08:03:35.000,216,104.104972,30.697026,691.7,317.85,-0.13,-0.54,有效
2026-07-21 08:03:36.000,217,104.104673,30.697310,691.6,317.26,-0.14,-0.47,有效
2026-07-21 08:03:37.000,218,104.104371,30.697591,691.5,316.68,-0.13,-0.46,有效
2026-07-21 08:03:38.000,219,104.104065,30.697870,691.4,316.00,-0.13,-0.54,有效
2026-07-21 08:03:39.000,220,104.103755,30.698146,691.3,315.51,-0.27,-0.39,有效
2026-07-21 08:03:40.000,221,104.103442,30.698420,691.1,314.74,-0.13,-0.62,有效
2026-07-21 08:03:41.000,222,104.103124,30.698691,691.0,314.25,-0.13,-0.40,有效
2026-07-21 08:03:42.000,223,104.102804,30.698959,690.9,313.59,-0.13,-0.53,有效
2026-07-21 08:03:43.000,224,104.102479,30.699225,690.8,313.00,-0.13,-0.47,有效
2026-07-21 08:03:44.000,225,104.102151,30.699488,690.7,312.52,-0.13,-0.38,有效
2026-07-21 08:03:45.000,226,104.101820,30.699749,690.6,311.85,-0.13,-0.54,有效
2026-07-21 08:03:46.000,227,104.101485,30.700007,690.5,311.18,-0.13,-0.54,有效
2026-07-21 08:03:47.000,228,104.101146,30.700262,690.4,310.68,-0.13,-0.40,有效
2026-07-21 08:03:48.000,229,104.100805,30.700514,690.3,309.93,-0.13,-0.60,有效
2026-07-21 08:03:49.000,230,104.100459,30.700763,690.2,309.54,-0.27,-0.31,有效
2026-07-21 08:03:50.000,231,104.100111,30.701010,690.0,308.87,-0.13,-0.53,有效
2026-07-21 08:03:51.000,232,104.099759,30.701254,689.9,308.29,-0.13,-0.47,有效
2026-07-21 08:03:52.000,233,104.099404,30.701495,689.8,307.71,-0.13,-0.47,有效
2026-07-21 08:03:53.000,234,104.099046,30.701733,689.7,307.05,-0.13,-0.53,有效
2026-07-21 08:03:54.000,235,104.098684,30.701968,689.6,306.47,-0.26,-0.46,有效
2026-07-21 08:03:55.000,236,104.098319,30.702200,689.4,305.97,-0.13,-0.40,有效
2026-07-21 08:03:56.000,237,104.097952,30.702429,689.3,305.32,-0.13,-0.52,有效
2026-07-21 08:03:57.000,238,104.097581,30.702655,689.2,304.86,-0.13,-0.37,有效
2026-07-21 08:03:58.000,239,104.097207,30.702879,689.1,304.16,-0.26,-0.56,有效
2026-07-21 08:03:59.000,240,104.096830,30.703099,688.9,303.59,-0.13,-0.46,有效
2026-07-21 08:04:00.000,241,104.096450,30.703316,688.8,302.96,-0.13,-0.50,有效
2026-07-21 08:04:01.000,242,104.096068,30.703529,688.7,302.45,-0.13,-0.41,有效
2026-07-21 08:04:02.000,243,104.095682,30.703740,688.6,301.94,-0.26,-0.40,有效
2026-07-21 08:04:03.000,244,104.095294,30.703948,688.4,301.25,-0.13,-0.55,有效
2026-07-21 08:04:04.000,245,104.094903,30.704152,688.3,300.68,-0.13,-0.45,有效
2026-07-21 08:04:05.000,246,104.094509,30.704353,688.2,300.12,-0.26,-0.45,有效
2026-07-21 08:04:06.000,247,104.094112,30.704551,688.0,299.61,-0.13,-0.40,有效
2026-07-21 08:04:07.000,248,104.093713,30.704746,687.9,299.05,-0.13,-0.45,有效
2026-07-21 08:04:08.000,249,104.093311,30.704938,687.8,298.42,-0.26,-0.50,有效
2026-07-21 08:04:09.000,250,104.092907,30.705126,687.6,297.86,-0.13,-0.45,有效
2026-07-21 08:04:10.000,251,104.092500,30.705311,687.5,297.24,-0.13,-0.50,有效
2026-07-21 08:04:11.000,252,104.092091,30.705492,687.4,296.81,-0.26,-0.34,有效
2026-07-21 08:04:12.000,253,104.091679,30.705671,687.2,296.18,-0.13,-0.50,有效
2026-07-21 08:04:13.000,254,104.091265,30.705846,687.1,295.50,-0.26,-0.55,有效
2026-07-21 08:04:14.000,255,104.090848,30.706017,686.9,295.05,-0.13,-0.36,有效
2026-07-21 08:04:15.000,256,104.090430,30.706185,686.8,294.51,-0.13,-0.44,有效
2026-07-21 08:04:16.000,257,104.090009,30.706350,686.7,293.83,-0.26,-0.54,有效
2026-07-21 08:04:17.000,258,104.089585,30.706511,686.5,293.38,-0.13,-0.36,有效
2026-07-21 08:04:18.000,259,104.089160,30.706669,686.4,292.76,-0.26,-0.50,有效
2026-07-21 08:04:19.000,260,104.088733,30.706823,686.2,292.22,-0.13,-0.43,有效
2026-07-21 08:04:20.000,261,104.088303,30.706974,686.1,291.64,-0.13,-0.46,有效
2026-07-21 08:04:21.000,262,104.087872,30.707121,686.0,291.10,-0.26,-0.43,有效
2026-07-21 08:04:22.000,263,104.087438,30.707265,685.8,290.52,-0.13,-0.46,有效
2026-07-21 08:04:23.000,264,104.087003,30.707405,685.7,290.03,-0.26,-0.39,有效
2026-07-21 08:04:24.000,265,104.086566,30.707542,685.5,289.41,-0.13,-0.50,有效
2026-07-21 08:04:25.000,266,104.086127,30.707675,685.4,288.92,-0.26,-0.39,有效
2026-07-21 08:04:26.000,267,104.085686,30.707805,685.2,288.30,-0.13,-0.50,有效
2026-07-21 08:04:27.000,268,104.085243,30.707931,685.1,287.72,-0.26,-0.47,有效
2026-07-21 08:04:28.000,269,104.084799,30.708053,684.9,287.24,-0.13,-0.39,有效
2026-07-21 08:04:29.000,270,104.084353,30.708172,684.8,286.66,-0.26,-0.47,有效
2026-07-21 08:04:30.000,271,104.083906,30.708287,684.6,286.04,-0.13,-0.49,有效
2026-07-21 08:04:31.000,272,104.083457,30.708398,684.5,285.56,-0.26,-0.38,有效
2026-07-21 08:04:32.000,273,104.083006,30.708506,684.3,285.01,-0.13,-0.44,有效
2026-07-21 08:04:33.000,274,104.082555,30.708610,684.2,284.51,-0.26,-0.41,有效
2026-07-21 08:04:34.000,275,104.082101,30.708711,684.0,283.82,-0.13,-0.55,有效
2026-07-21 08:04:35.000,276,104.081647,30.708807,683.9,283.34,-0.26,-0.38,有效
2026-07-21 08:04:36.000,277,104.081191,30.708900,683.7,282.90,-0.13,-0.35,有效
2026-07-21 08:04:37.000,278,104.080734,30.708990,683.6,282.18,-0.26,-0.58,有效
2026-07-21 08:04:38.000,279,104.080276,30.709075,683.4,281.71,-0.13,-0.37,有效
2026-07-21 08:04:39.000,280,104.079816,30.709157,683.3,281.16,-0.26,-0.45,有效
2026-07-21 08:04:40.000,281,104.079356,30.709235,683.1,280.58,-0.13,-0.47,有效
2026-07-21 08:04:41.000,282,104.078895,30.709309,683.0,280.11,-0.25,-0.37,有效
2026-07-21 08:04:42.000,283,104.078432,30.709380,682.8,279.55,-0.13,-0.45,有效
2026-07-21 08:04:43.000,284,104.077969,30.709447,682.7,278.97,-0.25,-0.46,有效
2026-07-21 08:04:44.000,285,104.077505,30.709510,682.5,278.40,-0.25,-0.46,有效
2026-07-21 08:04:45.000,286,104.077040,30.709569,682.3,277.96,-0.13,-0.35,有效
2026-07-21 08:04:46.000,287,104.076574,30.709625,682.2,277.24,-0.25,-0.57,有效
2026-07-21 08:04:47.000,288,104.076107,30.709676,682.0,276.82,-0.13,-0.34,有效
2026-07-21 08:04:48.000,289,104.075640,30.709724,681.9,276.24,-0.25,-0.46,有效
2026-07-21 08:04:49.000,290,104.075172,30.709768,681.7,275.68,-0.13,-0.45,有效
2026-07-21 08:04:50.000,291,104.074704,30.709808,681.6,275.24,-0.25,-0.35,有效
2026-07-21 08:04:51.000,292,104.074235,30.709845,681.4,274.54,-0.13,-0.56,有效
2026-07-21 08:04:52.000,293,104.073766,30.709877,681.3,274.10,-0.25,-0.35,有效
2026-07-21 08:04:53.000,294,104.073296,30.709906,681.1,273.54,-0.25,-0.45,有效
2026-07-21 08:04:54.000,295,104.072826,30.709931,680.9,272.97,-0.13,-0.46,有效
2026-07-21 08:04:55.000,296,104.072355,30.709952,680.8,272.40,-0.25,-0.45,有效
2026-07-21 08:04:56.000,297,104.071884,30.709969,680.6,271.98,-0.13,-0.34,有效
2026-07-21 08:04:57.000,298,104.071413,30.709983,680.5,271.27,-0.25,-0.57,有效
2026-07-21 08:04:58.000,299,104.070942,30.709992,680.3,270.85,-0.13,-0.34,有效
2026-07-21 08:04:59.000,300,104.070471,30.709998,680.2,270.28,-0.25,-0.45,有效
2026-07-21 08:05:00.000,301,104.070000,30.710000,680.0,269.72,-0.25,-0.45,有效
2026-07-21 08:05:01.000,302,104.069529,30.709998,679.8,269.15,-0.13,-0.45,有效
2026-07-21 08:05:02.000,303,104.069058,30.709992,679.7,268.73,-0.25,-0.34,有效
2026-07-21 08:05:03.000,304,104.068587,30.709983,679.5,268.02,-0.13,-0.57,有效
2026-07-21 08:05:04.000,305,104.068116,30.709969,679.4,267.60,-0.25,-0.34,有效
2026-07-21 08:05:05.000,306,104.067645,30.709952,679.2,267.03,-0.13,-0.45,有效
2026-07-21 08:05:06.000,307,104.067174,30.709931,679.1,266.46,-0.25,-0.46,有效
2026-07-21 08:05:07.000,308,104.066704,30.709906,678.9,265.90,-0.25,-0.45,有效
2026-07-21 08:05:08.000,309,104.066234,30.709877,678.7,265.46,-0.13,-0.35,有效
2026-07-21 08:05:09.000,310,104.065765,30.709845,678.6,264.76,-0.25,-0.56,有效
2026-07-21 08:05:10.000,311,104.065296,30.709808,678.4,264.32,-0.13,-0.35,有效
2026-07-21 08:05:11.000,312,104.064828,30.709768,678.3,263.76,-0.25,-0.45,有效
2026-07-21 08:05:12.000,313,104.064360,30.709724,678.1,263.18,-0.13,-0.46,有效
2026-07-21 08:05:13.000,314,104.063893,30.709676,678.0,262.76,-0.25,-0.34,有效
2026-07-21 08:05:14.000,315,104.063426,30.709625,677.8,262.04,-0.13,-0.57,有效
2026-07-21 08:05:15.000,316,104.062960,30.709569,677.7,261.61,-0.25,-0.35,有效
2026-07-21 08:05:16.000,317,104.062495,30.709510,677.5,261.03,-0.25,-0.46,有效
2026-07-21 08:05:17.000,318,104.062031,30.709447,677.3,260.45,-0.13,-0.46,有效
2026-07-21 08:05:18.000,319,104.061568,30.709380,677.2,259.89,-0.25,-0.45,有效
2026-07-21 08:05:19.000,320,104.061105,30.709309,677.0,259.42,-0.13,-0.37,有效
2026-07-21 08:05:20.000,321,104.060644,30.709235,676.9,258.84,-0.26,-0.47,有效
2026-07-21 08:05:21.000,322,104.060184,30.709157,676.7,258.29,-0.13,-0.45,有效
2026-07-21 08:05:22.000,323,104.059724,30.709075,676.6,257.82,-0.26,-0.37,有效
2026-07-21 08:05:23.000,324,104.059266,30.708990,676.4,257.10,-0.13,-0.58,有效
2026-07-21 08:05:24.000,325,104.058809,30.708900,676.3,256.66,-0.26,-0.35,有效
2026-07-21 08:05:25.000,326,104.058353,30.708807,676.1,256.18,-0.13,-0.38,有效
2026-07-21 08:05:26.000,327,104.057899,30.708711,676.0,255.49,-0.26,-0.55,有效
2026-07-21 08:05:27.000,328,104.057445,30.708610,675.8,254.99,-0.13,-0.41,有效
2026-07-21 08:05:28.000,329,104.056994,30.708506,675.7,254.44,-0.26,-0.44,有效
2026-07-21 08:05:29.000,330,104.056543,30.708398,675.5,253.96,-0.13,-0.38,有效
2026-07-21 08:05:30.000,331,104.056094,30.708287,675.4,253.34,-0.26,-0.49,有效
2026-07-21 08:05:31.000,332,104.055647,30.708172,675.2,252.76,-0.13,-0.47,有效
2026-07-21 08:05:32.000,333,104.055201,30.708053,675.1,252.28,-0.26,-0.39,有效
2026-07-21 08:05:33.000,334,104.054757,30.707931,674.9,251.70,-0.13,-0.47,有效
2026-07-21 08:05:34.000,335,104.054314,30.707805,674.8,251.08,-0.26,-0.50,有效
2026-07-21 08:05:35.000,336,104.053873,30.707675,674.6,250.59,-0.13,-0.39,有效
2026-07-21 08:05:36.000,337,104.053434,30.707542,674.5,249.97,-0.26,-0.50,有效
2026-07-21 08:05:37.000,338,104.052997,30.707405,674.3,249.48,-0.13,-0.39,有效
2026-07-21 08:05:38.000,339,104.052562,30.707265,674.2,248.90,-0.26,-0.46,有效
2026-07-21 08:05:39.000,340,104.052128,30.707121,674.0,248.36,-0.13,-0.43,有效
2026-07-21 08:05:40.000,341,104.051697,30.706974,673.9,247.78,-0.13,-0.46,有效
2026-07-21 08:05:41.000,342,104.051267,30.706823,673.8,247.24,-0.26,-0.43,有效
2026-07-21 08:05:42.000,343,104.050840,30.706669,673.6,246.62,-0.13,-0.50,有效
2026-07-21 08:05:43.000,344,104.050415,30.706511,673.5,246.17,-0.26,-0.36,有效
2026-07-21 08:05:44.000,345,104.049991,30.706350,673.3,245.50,-0.13,-0.54,有效
2026-07-21 08:05:45.000,346,104.049570,30.706185,673.2,244.95,-0.13,-0.44,有效
2026-07-21 08:05:46.000,347,104.049152,30.706017,673.1,244.50,-0.26,-0.36,有效
2026-07-21 08:05:47.000,348,104.048735,30.705846,672.9,243.82,-0.13,-0.55,有效
2026-07-21 08:05:48.000,349,104.048321,30.705671,672.8,243.19,-0.26,-0.50,有效
2026-07-21 08:05:49.000,350,104.047909,30.705492,672.6,242.77,-0.13,-0.34,有效
2026-07-21 08:05:50.000,351,104.047500,30.705311,672.5,242.14,-0.13,-0.50,有效
2026-07-21 08:05:51.000,352,104.047093,30.705126,672.4,241.58,-0.26,-0.45,有效
2026-07-21 08:05:52.000,353,104.046689,30.704938,672.2,240.95,-0.13,-0.50,有效
2026-07-21 08:05:53.000,354,104.046287,30.704746,672.1,240.39,-0.13,-0.45,有效
2026-07-21 08:05:54.000,355,104.045888,30.704551,672.0,239.88,-0.26,-0.40,有效
2026-07-21 08:05:55.000,356,104.045491,30.704353,671.8,239.32,-0.13,-0.45,有效
2026-07-21 08:05:56.000,357,104.045097,30.704152,671.7,238.75,-0.13,-0.45,有效
2026-07-21 08:05:57.000,358,104.044706,30.703948,671.6,238.06,-0.26,-0.55,有效
2026-07-21 08:05:58.000,359,104.044318,30.703740,671.4,237.55,-0.13,-0.40,有效
2026-07-21 08:05:59.000,360,104.043932,30.703529,671.3,237.04,-0.13,-0.41,有效
2026-07-21 08:06:00.000,361,104.043550,30.703316,671.2,236.41,-0.13,-0.50,有效
2026-07-21 08:06:01.000,362,104.043170,30.703099,671.1,235.84,-0.26,-0.46,有效
2026-07-21 08:06:02.000,363,104.042793,30.702879,670.9,235.14,-0.13,-0.56,有效
2026-07-21 08:06:03.000,364,104.042419,30.702655,670.8,234.68,-0.13,-0.37,有效
2026-07-21 08:06:04.000,365,104.042048,30.702429,670.7,234.03,-0.13,-0.52,有效
2026-07-21 08:06:05.000,366,104.041681,30.702200,670.6,233.53,-0.26,-0.40,有效
2026-07-21 08:06:06.000,367,104.041316,30.701968,670.4,232.95,-0.13,-0.46,有效
2026-07-21 08:06:07.000,368,104.040954,30.701733,670.3,232.29,-0.13,-0.53,有效
2026-07-21 08:06:08.000,369,104.040596,30.701495,670.2,231.71,-0.13,-0.47,有效
2026-07-21 08:06:09.000,370,104.040241,30.701254,670.1,231.13,-0.13,-0.47,有效
2026-07-21 08:06:10.000,371,104.039889,30.701010,670.0,230.46,-0.27,-0.53,有效
2026-07-21 08:06:11.000,372,104.039541,30.700763,669.8,230.07,-0.13,-0.31,有效
2026-07-21 08:06:12.000,373,104.039195,30.700514,669.7,229.32,-0.13,-0.60,有效
2026-07-21 08:06:13.000,374,104.038854,30.700262,669.6,228.82,-0.13,-0.40,有效
2026-07-21 08:06:14.000,375,104.038515,30.700007,669.5,228.15,-0.13,-0.54,有效
2026-07-21 08:06:15.000,376,104.038180,30.699749,669.4,227.48,-0.13,-0.54,有效
2026-07-21 08:06:16.000,377,104.037849,30.699488,669.3,227.00,-0.13,-0.38,有效
2026-07-21 08:06:17.000,378,104.037521,30.699225,669.2,226.41,-0.13,-0.47,有效
2026-07-21 08:06:18.000,379,104.037196,30.698959,669.1,225.75,-0.13,-0.53,有效
2026-07-21 08:06:19.000,380,104.036876,30.698691,669.0,225.26,-0.13,-0.40,有效
2026-07-21 08:06:20.000,381,104.036558,30.698420,668.9,224.49,-0.27,-0.62,有效
2026-07-21 08:06:21.000,382,104.036245,30.698146,668.7,224.00,-0.13,-0.39,有效
2026-07-21 08:06:22.000,383,104.035935,30.697870,668.6,223.32,-0.13,-0.54,有效
2026-07-21 08:06:23.000,384,104.035629,30.697591,668.5,222.74,-0.14,-0.46,有效
2026-07-21 08:06:24.000,385,104.035327,30.697310,668.4,222.15,-0.13,-0.47,有效
2026-07-21 08:06:25.000,386,104.035028,30.697026,668.3,221.47,-0.14,-0.54,有效
2026-07-21 08:06:26.000,387,104.034734,30.696740,668.2,220.99,-0.14,-0.39,有效
2026-07-21 08:06:27.000,388,104.034443,30.696452,668.1,220.30,0.00,-0.55,有效
2026-07-21 08:06:28.000,389,104.034156,30.696161,668.1,219.71,-0.14,-0.47,有效
2026-07-21 08:06:29.000,390,104.033873,30.695868,668.0,219.03,-0.14,-0.55,有效
2026-07-21 08:06:30.000,391,104.033594,30.695572,667.9,218.53,-0.14,-0.40,有效
2026-07-21 08:06:31.000,392,104.033319,30.695275,667.8,217.84,-0.14,-0.55,有效
2026-07-21 08:06:32.000,393,104.033048,30.694975,667.7,217.24,-0.14,-0.48,有效
2026-07-21 08:06:33.000,394,104.032781,30.694673,667.6,216.54,-0.14,-0.56,有效
2026-07-21 08:06:34.000,395,104.032519,30.694369,667.5,215.96,-0.14,-0.47,有效
2026-07-21 08:06:35.000,396,104.032260,30.694062,667.4,215.45,-0.14,-0.41,有效
2026-07-21 08:06:36.000,397,104.032005,30.693754,667.3,214.65,0.00,-0.64,有效
2026-07-21 08:06:37.000,398,104.031755,30.693443,667.3,214.14,-0.14,-0.41,有效
2026-07-21 08:06:38.000,399,104.031509,30.693131,667.2,213.45,-0.14,-0.55,有效
2026-07-21 08:06:39.000,400,104.031267,30.692816,667.1,212.93,-0.14,-0.42,有效
2026-07-21 08:06:40.000,401,104.031029,30.692500,667.0,212.32,-0.14,-0.48,有效
2026-07-21 08:06:41.000,402,104.030795,30.692182,666.9,211.53,0.00,-0.64,有效
2026-07-21 08:06:42.000,403,104.030566,30.691861,666.9,211.00,-0.14,-0.42,有效
2026-07-21 08:06:43.000,404,104.030341,30.691539,666.8,210.28,-0.14,-0.58,有效
2026-07-21 08:06:44.000,405,104.030121,30.691215,666.7,209.75,-0.14,-0.43,有效
2026-07-21 08:06:45.000,406,104.029905,30.690890,666.6,209.07,0.00,-0.55,有效
2026-07-21 08:06:46.000,407,104.029693,30.690562,666.6,208.42,-0.14,-0.52,有效
2026-07-21 08:06:47.000,408,104.029486,30.690233,666.5,207.81,-0.14,-0.49,有效
2026-07-21 08:06:48.000,409,104.029283,30.689902,666.4,207.27,0.00,-0.43,有效
2026-07-21 08:06:49.000,410,104.029084,30.689570,666.4,206.54,-0.14,-0.58,有效
2026-07-21 08:06:50.000,411,104.028890,30.689236,666.3,205.81,-0.14,-0.58,有效
2026-07-21 08:06:51.000,412,104.028701,30.688900,666.2,205.27,0.00,-0.43,有效
2026-07-21 08:06:52.000,413,104.028516,30.688563,666.2,204.54,-0.14,-0.58,有效
2026-07-21 08:06:53.000,414,104.028336,30.688224,666.1,204.00,0.00,-0.44,有效
2026-07-21 08:06:54.000,415,104.028160,30.687884,666.1,203.33,-0.14,-0.54,有效
2026-07-21 08:06:55.000,416,104.027989,30.687543,666.0,202.72,-0.14,-0.49,有效
2026-07-21 08:06:56.000,417,104.027822,30.687200,665.9,202.05,0.00,-0.54,有效
2026-07-21 08:06:57.000,418,104.027660,30.686856,665.9,201.32,-0.14,-0.58,有效
2026-07-21 08:06:58.000,419,104.027503,30.686510,665.8,200.82,0.00,-0.40,有效
2026-07-21 08:06:59.000,420,104.027350,30.686164,665.8,200.09,-0.14,-0.59,有效
2026-07-21 08:07:00.000,421,104.027202,30.685816,665.7,199.36,0.00,-0.58,有效
2026-07-21 08:07:01.000,422,104.027059,30.685466,665.7,198.73,-0.14,-0.50,有效
2026-07-21 08:07:02.000,423,104.026921,30.685116,665.6,198.18,0.00,-0.44,有效
2026-07-21 08:07:03.000,424,104.026787,30.684765,665.6,197.45,0.00,-0.58,有效
2026-07-21 08:07:04.000,425,104.026658,30.684412,665.6,196.94,-0.14,-0.41,有效
2026-07-21 08:07:05.000,426,104.026533,30.684059,665.5,196.08,0.00,-0.68,有效
2026-07-21 08:07:06.000,427,104.026414,30.683704,665.5,195.57,-0.14,-0.41,有效
2026-07-21 08:07:07.000,428,104.026299,30.683349,665.4,194.84,0.00,-0.58,有效
2026-07-21 08:07:08.000,429,104.026189,30.682992,665.4,194.19,0.00,-0.52,有效
2026-07-21 08:07:09.000,430,104.026084,30.682635,665.4,193.64,-0.14,-0.45,有效
2026-07-21 08:07:10.000,431,104.025983,30.682277,665.3,192.82,0.00,-0.65,有效
2026-07-21 08:07:11.000,432,104.025888,30.681918,665.3,192.26,0.00,-0.44,有效
2026-07-21 08:07:12.000,433,104.025797,30.681558,665.3,191.61,-0.14,-0.52,有效
2026-07-21 08:07:13.000,434,104.025711,30.681198,665.2,190.92,0.00,-0.55,有效
2026-07-21 08:07:14.000,435,104.025630,30.680837,665.2,190.23,0.00,-0.55,有效
2026-07-21 08:07:15.000,436,104.025554,30.680475,665.2,189.57,0.00,-0.53,有效
2026-07-21 08:07:16.000,437,104.025483,30.680113,665.2,189.02,-0.14,-0.44,有效
2026-07-21 08:07:17.000,438,104.025416,30.679750,665.1,188.22,0.00,-0.64,有效
2026-07-21 08:07:18.000,439,104.025355,30.679387,665.1,187.67,0.00,-0.44,有效
2026-07-21 08:07:19.000,440,104.025298,30.679023,665.1,186.85,0.00,-0.65,有效
2026-07-21 08:07:20.000,441,104.025247,30.678658,665.1,186.34,0.00,-0.41,有效
2026-07-21 08:07:21.000,442,104.025200,30.678294,665.1,185.65,0.00,-0.55,有效
2026-07-21 08:07:22.000,443,104.025158,30.677929,665.1,184.97,-0.14,-0.55,有效
2026-07-21 08:07:23.000,444,104.025121,30.677563,665.0,184.31,0.00,-0.53,有效
2026-07-21 08:07:24.000,445,104.025089,30.677198,665.0,183.63,0.00,-0.55,有效
2026-07-21 08:07:25.000,446,104.025062,30.676832,665.0,183.09,0.00,-0.43,有效
2026-07-21 08:07:26.000,447,104.025039,30.676466,665.0,182.28,0.00,-0.65,有效
2026-07-21 08:07:27.000,448,104.025022,30.676099,665.0,181.62,0.00,-0.53,有效
2026-07-21 08:07:28.000,449,104.025010,30.675733,665.0,181.08,0.00,-0.43,有效
2026-07-21 08:07:29.000,450,104.025002,30.675367,665.0,180.27,0.00,-0.65,有效
2026-07-21 08:07:30.000,451,104.025000,30.675000,665.0,179.73,0.00,-0.43,有效
2026-07-21 08:07:31.000,452,104.025002,30.674633,665.0,178.92,0.00,-0.65,有效
2026-07-21 08:07:32.000,453,104.025010,30.674267,665.0,178.38,0.00,-0.43,有效
2026-07-21 08:07:33.000,454,104.025022,30.673901,665.0,177.72,0.00,-0.53,有效
2026-07-21 08:07:34.000,455,104.025039,30.673534,665.0,176.91,0.00,-0.65,有效
2026-07-21 08:07:35.000,456,104.025062,30.673168,665.0,176.37,0.00,-0.43,有效
2026-07-21 08:07:36.000,457,104.025089,30.672802,665.0,175.69,0.00,-0.55,有效
2026-07-21 08:07:37.000,458,104.025121,30.672437,665.0,175.03,0.14,-0.53,有效
2026-07-21 08:07:38.000,459,104.025158,30.672071,665.1,174.35,0.00,-0.55,有效
2026-07-21 08:07:39.000,460,104.025200,30.671706,665.1,173.66,0.00,-0.55,有效
2026-07-21 08:07:40.000,461,104.025247,30.671342,665.1,173.15,0.00,-0.41,有效
2026-07-21 08:07:41.000,462,104.025298,30.670977,665.1,172.33,0.00,-0.65,有效
2026-07-21 08:07:42.000,463,104.025355,30.670613,665.1,171.78,0.00,-0.44,有效
2026-07-21 08:07:43.000,464,104.025416,30.670250,665.1,170.98,0.14,-0.64,有效
2026-07-21 08:07:44.000,465,104.025483,30.669887,665.2,170.42,0.00,-0.44,有效
2026-07-21 08:07:45.000,466,104.025554,30.669525,665.2,169.76,0.00,-0.53,有效
2026-07-21 08:07:46.000,467,104.025630,30.669163,665.2,169.08,0.00,-0.55,有效
2026-07-21 08:07:47.000,468,104.025711,30.668802,665.2,168.39,0.14,-0.55,有效
2026-07-21 08:07:48.000,469,104.025797,30.668442,665.3,167.73,0.00,-0.52,有效
2026-07-21 08:07:49.000,470,104.025888,30.668082,665.3,167.18,0.00,-0.45,有效
2026-07-21 08:07:50.000,471,104.025983,30.667723,665.3,166.36,0.14,-0.65,有效
2026-07-21 08:07:51.000,472,104.026084,30.667365,665.4,165.80,0.00,-0.45,有效
2026-07-21 08:07:52.000,473,104.026189,30.667008,665.4,165.16,0.00,-0.52,有效
2026-07-21 08:07:53.000,474,104.026299,30.666651,665.4,164.43,0.14,-0.58,有效
2026-07-21 08:07:54.000,475,104.026414,30.666296,665.5,163.92,0.00,-0.41,有效
2026-07-21 08:07:55.000,476,104.026533,30.665941,665.5,163.06,0.14,-0.68,有效
2026-07-21 08:07:56.000,477,104.026658,30.665588,665.6,162.55,0.00,-0.41,有效
2026-07-21 08:07:57.000,478,104.026787,30.665235,665.6,161.82,0.00,-0.58,有效
2026-07-21 08:07:58.000,479,104.026921,30.664884,665.6,161.27,0.14,-0.44,有效
2026-07-21 08:07:59.000,480,104.027059,30.664534,665.7,160.64,0.00,-0.50,有效
2026-07-21 08:08:00.000,481,104.027202,30.664184,665.7,159.91,0.14,-0.58,有效
2026-07-21 08:08:01.000,482,104.027350,30.663836,665.8,159.17,0.00,-0.59,有效
2026-07-21 08:08:02.000,483,104.027503,30.663490,665.8,158.68,0.14,-0.40,有效
2026-07-21 08:08:03.000,484,104.027660,30.663144,665.9,157.95,0.00,-0.58,有效
2026-07-21 08:08:04.000,485,104.027822,30.662800,665.9,157.28,0.14,-0.54,有效
2026-07-21 08:08:05.000,486,104.027989,30.662457,666.0,156.67,0.14,-0.49,有效
2026-07-21 08:08:06.000,487,104.028160,30.662116,666.1,156.00,0.00,-0.54,有效
2026-07-21 08:08:07.000,488,104.028336,30.661776,666.1,155.45,0.14,-0.44,有效
2026-07-21 08:08:08.000,489,104.028516,30.661437,666.2,154.72,0.00,-0.58,有效
2026-07-21 08:08:09.000,490,104.028701,30.661100,666.2,154.18,0.14,-0.43,有效
2026-07-21 08:08:10.000,491,104.028890,30.660764,666.3,153.45,0.14,-0.58,有效
2026-07-21 08:08:11.000,492,104.029084,30.660430,666.4,152.72,0.00,-0.58,有效
2026-07-21 08:08:12.000,493,104.029283,30.660098,666.4,152.19,0.14,-0.43,有效
2026-07-21 08:08:13.000,494,104.029486,30.659767,666.5,151.58,0.14,-0.49,有效
2026-07-21 08:08:14.000,495,104.029693,30.659438,666.6,150.93,0.00,-0.52,有效
2026-07-21 08:08:15.000,496,104.029905,30.659110,666.6,150.24,0.14,-0.55,有效
2026-07-21 08:08:16.000,497,104.030121,30.658785,666.7,149.71,0.14,-0.43,有效
2026-07-21 08:08:17.000,498,104.030341,30.658461,666.8,148.99,0.14,-0.58,有效
2026-07-21 08:08:18.000,499,104.030566,30.658139,666.9,148.46,0.00,-0.42,有效
2026-07-21 08:08:19.000,500,104.030795,30.657818,666.9,147.67,0.14,-0.64,有效
2026-07-21 08:08:20.000,501,104.031029,30.657500,667.0,147.06,0.14,-0.48,有效
2026-07-21 08:08:21.000,502,104.031267,30.657184,667.1,146.54,0.14,-0.42,有效
2026-07-21 08:08:22.000,503,104.031509,30.656869,667.2,145.85,0.14,-0.55,有效
2026-07-21 08:08:23.000,504,104.031755,30.656557,667.3,145.34,0.00,-0.41,有效
2026-07-21 08:08:24.000,505,104.032005,30.656246,667.3,144.54,0.14,-0.64,有效
2026-07-21 08:08:25.000,506,104.032260,30.655938,667.4,144.03,0.14,-0.41,有效
2026-07-21 08:08:26.000,507,104.032519,30.655631,667.5,143.45,0.14,-0.47,有效
2026-07-21 08:08:27.000,508,104.032781,30.655327,667.6,142.75,0.14,-0.56,有效
2026-07-21 08:08:28.000,509,104.033048,30.655025,667.7,142.15,0.14,-0.48,有效
2026-07-21 08:08:29.000,510,104.033319,30.654725,667.8,141.46,0.14,-0.55,有效
2026-07-21 08:08:30.000,511,104.033594,30.654428,667.9,140.96,0.14,-0.40,有效
2026-07-21 08:08:31.000,512,104.033873,30.654132,668.0,140.28,0.14,-0.55,有效
2026-07-21 08:08:32.000,513,104.034156,30.653839,668.1,139.69,0.00,-0.47,有效
2026-07-21 08:08:33.000,514,104.034443,30.653548,668.1,139.00,0.14,-0.55,有效
2026-07-21 08:08:34.000,515,104.034734,30.653260,668.2,138.51,0.14,-0.39,有效
2026-07-21 08:08:35.000,516,104.035028,30.652974,668.3,137.83,0.13,-0.54,有效
2026-07-21 08:08:36.000,517,104.035327,30.652690,668.4,137.24,0.13,-0.47,有效
2026-07-21 08:08:37.000,518,104.035629,30.652409,668.5,136.66,0.13,-0.46,有效
2026-07-21 08:08:38.000,519,104.035935,30.652130,668.6,135.98,0.13,-0.54,有效
2026-07-21 08:08:39.000,520,104.036245,30.651854,668.7,135.50,0.27,-0.39,有效
2026-07-21 08:08:40.000,521,104.036558,30.651580,668.9,134.73,0.13,-0.62,有效
2026-07-21 08:08:41.000,522,104.036876,30.651309,669.0,134.23,0.13,-0.40,有效
2026-07-21 08:08:42.000,523,104.037196,30.651041,669.1,133.57,0.13,-0.53,有效
2026-07-21 08:08:43.000,524,104.037521,30.650775,669.2,132.99,0.13,-0.47,有效
2026-07-21 08:08:44.000,525,104.037849,30.650512,669.3,132.51,0.13,-0.38,有效
2026-07-21 08:08:45.000,526,104.038180,30.650251,669.4,131.84,0.13,-0.54,有效
2026-07-21 08:08:46.000,527,104.038515,30.649993,669.5,131.17,0.13,-0.54,有效
2026-07-21 08:08:47.000,528,104.038854,30.649738,669.6,130.66,0.13,-0.40,有效
2026-07-21 08:08:48.000,529,104.039195,30.649486,669.7,129.91,0.13,-0.60,有效
2026-07-21 08:08:49.000,530,104.039541,30.649237,669.8,129.52,0.27,-0.31,有效
2026-07-21 08:08:50.000,531,104.039889,30.648990,670.0,128.86,0.13,-0.53,有效
2026-07-21 08:08:51.000,532,104.040241,30.648746,670.1,128.28,0.13,-0.47,有效
2026-07-21 08:08:52.000,533,104.040596,30.648505,670.2,127.69,0.13,-0.47,有效
2026-07-21 08:08:53.000,534,104.040954,30.648267,670.3,127.04,0.13,-0.53,有效
2026-07-21 08:08:54.000,535,104.041316,30.648032,670.4,126.46,0.26,-0.46,有效
2026-07-21 08:08:55.000,536,104.041681,30.647800,670.6,125.95,0.13,-0.40,有效
2026-07-21 08:08:56.000,537,104.042048,30.647571,670.7,125.30,0.13,-0.52,有效
2026-07-21 08:08:57.000,538,104.042419,30.647345,670.8,124.84,0.13,-0.37,有效
2026-07-21 08:08:58.000,539,104.042793,30.647121,670.9,124.15,0.26,-0.56,有效
2026-07-21 08:08:59.000,540,104.043170,30.646901,671.1,123.57,0.13,-0.46,有效
2026-07-21 08:09:00.000,541,104.043550,30.646684,671.2,122.95,0.13,-0.50,有效
2026-07-21 08:09:01.000,542,104.043932,30.646471,671.3,122.43,0.13,-0.41,有效
2026-07-21 08:09:02.000,543,104.044318,30.646260,671.4,121.93,0.26,-0.40,有效
2026-07-21 08:09:03.000,544,104.044706,30.646052,671.6,121.23,0.13,-0.55,有效
2026-07-21 08:09:04.000,545,104.045097,30.645848,671.7,120.67,0.13,-0.45,有效
2026-07-21 08:09:05.000,546,104.045491,30.645647,671.8,120.10,0.26,-0.45,有效
2026-07-21 08:09:06.000,547,104.045888,30.645449,672.0,119.60,0.13,-0.40,有效
2026-07-21 08:09:07.000,548,104.046287,30.645254,672.1,119.04,0.13,-0.45,有效
2026-07-21 08:09:08.000,549,104.046689,30.645062,672.2,118.41,0.26,-0.50,有效
2026-07-21 08:09:09.000,550,104.047093,30.644874,672.4,117.85,0.13,-0.45,有效
2026-07-21 08:09:10.000,551,104.047500,30.644689,672.5,117.22,0.13,-0.50,有效
2026-07-21 08:09:11.000,552,104.047909,30.644508,672.6,116.79,0.26,-0.34,有效
2026-07-21 08:09:12.000,553,104.048321,30.644329,672.8,116.17,0.13,-0.50,有效
2026-07-21 08:09:13.000,554,104.048735,30.644154,672.9,115.48,0.26,-0.55,有效
2026-07-21 08:09:14.000,555,104.049152,30.643983,673.1,115.04,0.13,-0.36,有效
2026-07-21 08:09:15.000,556,104.049570,30.643815,673.2,114.49,0.13,-0.44,有效
2026-07-21 08:09:16.000,557,104.049991,30.643650,673.3,113.81,0.26,-0.54,有效
2026-07-21 08:09:17.000,558,104.050415,30.643489,673.5,113.37,0.13,-0.36,有效
2026-07-21 08:09:18.000,559,104.050840,30.643331,673.6,112.74,0.26,-0.50,有效
2026-07-21 08:09:19.000,560,104.051267,30.643177,673.8,112.20,0.13,-0.43,有效
2026-07-21 08:09:20.000,561,104.051697,30.643026,673.9,111.62,0.13,-0.46,有效
2026-07-21 08:09:21.000,562,104.052128,30.642879,674.0,111.09,0.26,-0.43,有效
2026-07-21 08:09:22.000,563,104.052562,30.642735,674.2,110.51,0.13,-0.46,有效
2026-07-21 08:09:23.000,564,104.052997,30.642595,674.3,110.02,0.26,-0.39,有效
2026-07-21 08:09:24.000,565,104.053434,30.642458,674.5,109.40,0.13,-0.50,有效
2026-07-21 08:09:25.000,566,104.053873,30.642325,674.6,108.91,0.26,-0.39,有效
2026-07-21 08:09:26.000,567,104.054314,30.642195,674.8,108.29,0.13,-0.50,有效
2026-07-21 08:09:27.000,568,104.054757,30.642069,674.9,107.71,0.26,-0.46,有效
2026-07-21 08:09:28.000,569,104.055201,30.641947,675.1,107.23,0.13,-0.39,有效
2026-07-21 08:09:29.000,570,104.055647,30.641828,675.2,106.65,0.26,-0.47,有效
2026-07-21 08:09:30.000,571,104.056094,30.641713,675.4,106.03,0.13,-0.49,有效
2026-07-21 08:09:31.000,572,104.056543,30.641602,675.5,105.55,0.26,-0.38,有效
2026-07-21 08:09:32.000,573,104.056994,30.641494,675.7,105.00,0.13,-0.44,有效
2026-07-21 08:09:33.000,574,104.057445,30.641390,675.8,104.50,0.26,-0.41,有效
2026-07-21 08:09:34.000,575,104.057899,30.641289,676.0,103.81,0.13,-0.55,有效
2026-07-21 08:09:35.000,576,104.058353,30.641193,676.1,103.34,0.26,-0.38,有效
2026-07-21 08:09:36.000,577,104.058809,30.641100,676.3,102.89,0.13,-0.35,有效
2026-07-21 08:09:37.000,578,104.059266,30.641010,676.4,102.17,0.26,-0.58,有效
2026-07-21 08:09:38.000,579,104.059724,30.640925,676.6,101.71,0.13,-0.37,有效
2026-07-21 08:09:39.000,580,104.060184,30.640843,676.7,101.15,0.26,-0.45,有效
2026-07-21 08:09:40.000,581,104.060644,30.640765,676.9,100.57,0.13,-0.46,有效
2026-07-21 08:09:41.000,582,104.061105,30.640691,677.0,100.11,0.25,-0.37,有效
2026-07-21 08:09:42.000,583,104.061568,30.640620,677.2,99.55,0.13,-0.45,有效
2026-07-21 08:09:43.000,584,104.062031,30.640553,677.3,98.97,0.25,-0.46,有效
2026-07-21 08:09:44.000,585,104.062495,30.640490,677.5,98.39,0.25,-0.46,有效
2026-07-21 08:09:45.000,586,104.062960,30.640431,677.7,97.95,0.13,-0.35,有效
2026-07-21 08:09:46.000,587,104.063426,30.640375,677.8,97.23,0.25,-0.57,有效
2026-07-21 08:09:47.000,588,104.063893,30.640324,678.0,96.81,0.13,-0.34,有效
2026-07-21 08:09:48.000,589,104.064360,30.640276,678.1,96.24,0.25,-0.46,有效
2026-07-21 08:09:49.000,590,104.064828,30.640232,678.3,95.67,0.13,-0.45,有效
2026-07-21 08:09:50.000,591,104.065296,30.640192,678.4,95.24,0.25,-0.35,有效
2026-07-21 08:09:51.000,592,104.065765,30.640155,678.6,94.53,0.13,-0.56,有效
2026-07-21 08:09:52.000,593,104.066234,30.640123,678.7,94.10,0.25,-0.35,有效
2026-07-21 08:09:53.000,594,104.066704,30.640094,678.9,93.54,0.25,-0.45,有效
2026-07-21 08:09:54.000,595,104.067174,30.640069,679.1,92.97,0.13,-0.46,有效
2026-07-21 08:09:55.000,596,104.067645,30.640048,679.2,92.40,0.25,-0.45,有效
2026-07-21 08:09:56.000,597,104.068116,30.640031,679.4,91.98,0.13,-0.34,有效
2026-07-21 08:09:57.000,598,104.068587,30.640017,679.5,91.27,0.25,-0.57,有效
2026-07-21 08:09:58.000,599,104.069058,30.640008,679.7,90.85,0.13,-0.34,有效
2026-07-21 08:09:59.000,600,104.069529,30.640002,679.8,90.28,0.25,-0.45,有效
2026-07-21 08:10:00.000,601,104.070000,30.640000,680.0,90.28,0.00,0.00,有效
