flightTime,trackId,state,battery,speed,alarm,detector_type,range_type,detect_range,yaw_angle,pitch_angle,center_point
2026-07-21 08:00:00.000,drone_003,TAKEOFF,100.0,162.40,正常,光测,扇形,22000.0,18.0,20.0,机头
2026-07-21 08:00:01.000,drone_003,TAKEOFF,99.9,162.42,正常,光测,扇形,22000.0,18.0,20.0,机头
2026-07-21 08:00:02.000,drone_003,TAKEOFF,99.8,162.44,正常,光测,扇形,22000.0,18.0,20.0,机头
2026-07-21 08:00:03.000,drone_003,TAKEOFF,99.8,162.50,正常,光测,扇形,22000.0,18.0,20.0,机头
2026-07-21 08:00:04.000,drone_003,TAKEOFF,99.7,162.54,正常,光测,扇形,22000.0,18.0,20.0,机头
2026-07-21 08:00:05.000,drone_003,TAKEOFF,99.6,162.62,正常,光测,扇形,22000.0,18.0,20.0,机头
2026-07-21 08:00:06.000,drone_003,TAKEOFF,99.5,162.36,正常,光测,扇形,22000.0,18.0,20.0,机头
2026-07-21 08:00:07.000,drone_003,TAKEOFF,99.5,162.47,正常,光测,扇形,22000.0,18.0,20.0,机头
2026-07-21 08:00:08.000,drone_003,TAKEOFF,99.4,162.21,正常,光测,扇形,22000.0,18.0,20.0,机头
2026-07-21 08:00:09.000,drone_003,TAKEOFF,99.3,162.38,正常,光测,扇形,22000.0,18.0,20.0,机头
2026-07-21 08:00:10.000,drone_003,TAKEOFF,99.2,162.15,正常,光测,扇形,22000.0,18.0,20.0,机头
2026-07-21 08:00:11.000,drone_003,TAKEOFF,99.2,162.31,正常,光测,扇形,22000.0,18.0,20.0,机头
2026-07-21 08:00:12.000,drone_003,TAKEOFF,99.1,162.15,正常,光测,扇形,22000.0,18.0,20.0,机头
2026-07-21 08:00:13.000,drone_003,TAKEOFF,99.0,162.30,正常,光测,扇形,22000.0,18.0,20.0,机头
2026-07-21 08:00:14.000,drone_003,TAKEOFF,99.0,162.21,正常,光测,扇形,22000.0,18.0,20.0,机头
2026-07-21 08:00:15.000,drone_003,TAKEOFF,98.9,162.04,正常,光测,扇形,22000.0,18.0,20.0,机头
2026-07-21 08:00:16.000,drone_003,TAKEOFF,98.8,161.94,正常,光测,扇形,22000.0,18.0,20.0,机头
2026-07-21 08:00:17.000,drone_003,TAKEOFF,98.7,161.85,正常,光测,扇形,22000.0,18.0,20.0,机头
2026-07-21 08:00:18.000,drone_003,TAKEOFF,98.7,162.12,正常,光测,扇形,22000.0,18.0,20.0,机头
2026-07-21 08:00:19.000,drone_003,TAKEOFF,98.6,161.66,正常,光测,扇形,22000.0,18.0,20.0,机头
2026-07-21 08:00:20.000,drone_003,TAKEOFF,98.5,161.62,正常,光测,扇形,22000.0,18.0,20.0,机头
2026-07-21 08:00:21.000,drone_003,TAKEOFF,98.4,161.93,正常,光测,扇形,22000.0,18.0,20.0,机头
2026-07-21 08:00:22.000,drone_003,TAKEOFF,98.3,161.50,正常,光测,扇形,22000.0,18.0,20.0,机头
2026-07-21 08:00:23.000,drone_003,TAKEOFF,98.3,161.59,正常,光测,扇形,22000.0,18.0,20.0,机头
2026-07-21 08:00:24.000,drone_003,TAKEOFF,98.2,161.52,正常,光测,扇形,22000.0,18.0,20.0,机头
2026-07-21 08:00:25.000,drone_003,TAKEOFF,98.1,161.13,正常,光测,扇形,22000.0,18.0,20.0,机头
2026-07-21 08:00:26.000,drone_003,TAKEOFF,98.0,161.62,正常,光测,扇形,22000.0,18.0,20.0,机头
2026-07-21 08:00:27.000,drone_003,TAKEOFF,98.0,160.92,正常,光测,扇形,22000.0,18.0,20.0,机头
2026-07-21 08:00:28.000,drone_003,TAKEOFF,97.9,161.33,正常,光测,扇形,22000.0,18.0,20.0,机头
2026-07-21 08:00:29.000,drone_003,TAKEOFF,97.8,160.99,正常,光测,扇形,22000.0,18.0,20.0,机头
2026-07-21 08:00:30.000,drone_003,CRUISING,97.8,160.77,正常,光测,扇形,22000.0,18.0,20.0,机头
2026-07-21 08:00:31.000,drone_003,CRUISING,97.7,160.90,正常,光测,扇形,22000.0,18.0,20.0,机头
2026-07-21 08:00:32.000,drone_003,CRUISING,97.6,160.60,正常,光测,扇形,22000.0,18.0,20.0,机头
2026-07-21 08:00:33.000,drone_003,CRUISING,97.5,160.76,正常,光测,扇形,22000.0,18.0,20.0,机头
2026-07-21 08:00:34.000,drone_003,CRUISING,97.5,160.61,正常,光测,扇形,22000.0,18.0,20.0,机头
2026-07-21 08:00:35.000,drone_003,CRUISING,97.4,160.35,正常,光测,扇形,22000.0,18.0,20.0,机头
2026-07-21 08:00:36.000,drone_003,CRUISING,97.3,160.23,正常,光测,扇形,22000.0,18.0,20.0,机头
2026-07-21 08:00:37.000,drone_003,CRUISING,97.2,160.00,正常,光测,扇形,22000.0,18.0,20.0,机头
2026-07-21 08:00:38.000,drone_003,CRUISING,97.2,160.24,正常,光测,扇形,22000.0,18.0,20.0,机头
2026-07-21 08:00:39.000,drone_003,CRUISING,97.1,159.70,正常,光测,扇形,22000.0,18.0,20.0,机头
2026-07-21 08:00:40.000,drone_003,CRUISING,97.0,159.97,正常,光测,扇形,22000.0,18.0,20.0,机头
2026-07-21 08:00:41.000,drone_003,CRUISING,96.9,159.47,正常,光测,扇形,22000.0,18.0,20.0,机头
2026-07-21 08:00:42.000,drone_003,CRUISING,96.8,159.46,正常,光测,扇形,22000.0,18.0,20.0,机头
2026-07-21 08:00:43.000,drone_003,CRUISING,96.8,159.61,正常,光测,扇形,22000.0,18.0,20.0,机头
2026-07-21 08:00:44.000,drone_003,CRUISING,96.7,159.32,正常,光测,扇形,22000.0,18.0,20.0,机头
2026-07-21 08:00:45.000,drone_003,CRUISING,96.6,158.87,正常,光测,扇形,22000.0,18.0,20.0,机头
2026-07-21 08:00:46.000,drone_003,CRUISING,96.5,159.07,正常,光测,扇形,22000.0,18.0,20.0,机头
2026-07-21 08:00:47.000,drone_003,CRUISING,96.5,158.82,正常,光测,扇形,22000.0,18.0,20.0,机头
2026-07-21 08:00:48.000,drone_003,CRUISING,96.4,158.91,正常,光测,扇形,22000.0,18.0,20.0,机头
2026-07-21 08:00:49.000,drone_003,CRUISING,96.3,158.35,正常,光测,扇形,22000.0,18.0,20.0,机头
2026-07-21 08:00:50.000,drone_003,CRUISING,96.2,158.47,正常,光测,扇形,22000.0,18.0,20.0,机头
2026-07-21 08:00:51.000,drone_003,CRUISING,96.2,158.11,正常,光测,扇形,22000.0,18.0,20.0,机头
2026-07-21 08:00:52.000,drone_003,CRUISING,96.1,158.27,正常,光测,扇形,22000.0,18.0,20.0,机头
2026-07-21 08:00:53.000,drone_003,CRUISING,96.0,157.95,正常,光测,扇形,22000.0,18.0,20.0,机头
2026-07-21 08:00:54.000,drone_003,CRUISING,96.0,157.94,正常,光测,扇形,22000.0,18.0,20.0,机头
2026-07-21 08:00:55.000,drone_003,CRUISING,95.9,157.64,正常,光测,扇形,22000.0,18.0,20.0,机头
2026-07-21 08:00:56.000,drone_003,CRUISING,95.8,157.37,正常,光测,扇形,22000.0,18.0,20.0,机头
2026-07-21 08:00:57.000,drone_003,CRUISING,95.7,157.31,正常,光测,扇形,22000.0,18.0,20.0,机头
2026-07-21 08:00:58.000,drone_003,CRUISING,95.7,157.36,正常,光测,扇形,22000.0,18.0,20.0,机头
2026-07-21 08:00:59.000,drone_003,CRUISING,95.6,156.62,正常,光测,扇形,22000.0,18.0,20.0,机头
2026-07-21 08:01:00.000,drone_003,CRUISING,95.5,156.91,正常,光测,扇形,22000.0,18.0,20.0,机头
2026-07-21 08:01:01.000,drone_003,CRUISING,95.4,156.72,正常,光测,扇形,22000.0,18.0,20.0,机头
2026-07-21 08:01:02.000,drone_003,CRUISING,95.3,156.76,正常,光测,扇形,22000.0,18.0,20.0,机头
2026-07-21 08:01:03.000,drone_003,CRUISING,95.3,156.36,正常,光测,扇形,22000.0,18.0,20.0,机头
2026-07-21 08:01:04.000,drone_003,CRUISING,95.2,155.93,正常,光测,扇形,22000.0,18.0,20.0,机头
2026-07-21 08:01:05.000,drone_003,CRUISING,95.1,156.08,正常,光测,扇形,22000.0,18.0,20.0,机头
2026-07-21 08:01:06.000,drone_003,CRUISING,95.0,155.96,正常,光测,扇形,22000.0,18.0,20.0,机头
2026-07-21 08:01:07.000,drone_003,CRUISING,95.0,155.58,正常,光测,扇形,22000.0,18.0,20.0,机头
2026-07-21 08:01:08.000,drone_003,CRUISING,94.9,155.49,正常,光测,扇形,22000.0,18.0,20.0,机头
2026-07-21 08:01:09.000,drone_003,CRUISING,94.8,155.42,正常,光测,扇形,22000.0,18.0,20.0,机头
2026-07-21 08:01:10.000,drone_003,CRUISING,94.8,155.10,正常,光测,扇形,22000.0,18.0,20.0,机头
2026-07-21 08:01:11.000,drone_003,CRUISING,94.7,155.08,正常,光测,扇形,22000.0,18.0,20.0,机头
2026-07-21 08:01:12.000,drone_003,CRUISING,94.6,154.53,正常,光测,扇形,22000.0,18.0,20.0,机头
2026-07-21 08:01:13.000,drone_003,CRUISING,94.5,154.78,正常,光测,扇形,22000.0,18.0,20.0,机头
2026-07-21 08:01:14.000,drone_003,CRUISING,94.5,154.53,正常,光测,扇形,22000.0,18.0,20.0,机头
2026-07-21 08:01:15.000,drone_003,CRUISING,94.4,154.31,正常,光测,扇形,22000.0,18.0,20.0,机头
2026-07-21 08:01:16.000,drone_003,CRUISING,94.3,154.08,正常,光测,扇形,22000.0,18.0,20.0,机头
2026-07-21 08:01:17.000,drone_003,CRUISING,94.2,154.14,正常,光测,扇形,22000.0,18.0,20.0,机头
2026-07-21 08:01:18.000,drone_003,CRUISING,94.2,153.44,正常,光测,扇形,22000.0,18.0,20.0,机头
2026-07-21 08:01:19.000,drone_003,CRUISING,94.1,153.78,正常,光测,扇形,22000.0,18.0,20.0,机头
2026-07-21 08:01:20.000,drone_003,CRUISING,94.0,153.41,正常,光测,扇形,22000.0,18.0,20.0,机头
2026-07-21 08:01:21.000,drone_003,CRUISING,93.9,153.25,正常,光测,扇形,22000.0,18.0,20.0,机头
2026-07-21 08:01:22.000,drone_003,CRUISING,93.8,153.15,正常,光测,扇形,22000.0,18.0,20.0,机头
2026-07-21 08:01:23.000,drone_003,CRUISING,93.8,152.79,正常,光测,扇形,22000.0,18.0,20.0,机头
2026-07-21 08:01:24.000,drone_003,CRUISING,93.7,152.97,正常,光测,扇形,22000.0,18.0,20.0,机头
2026-07-21 08:01:25.000,drone_003,CRUISING,93.6,152.40,正常,光测,扇形,22000.0,18.0,20.0,机头
2026-07-21 08:01:26.000,drone_003,CRUISING,93.5,152.31,正常,光测,扇形,22000.0,18.0,20.0,机头
2026-07-21 08:01:27.000,drone_003,CRUISING,93.5,152.32,正常,光测,扇形,22000.0,18.0,20.0,机头
2026-07-21 08:01:28.000,drone_003,CRUISING,93.4,152.03,正常,光测,扇形,22000.0,18.0,20.0,机头
2026-07-21 08:01:29.000,drone_003,CRUISING,93.3,152.07,正常,光测,扇形,22000.0,18.0,20.0,机头
2026-07-21 08:01:30.000,drone_003,CRUISING,93.2,151.52,正常,光测,扇形,22000.0,18.0,20.0,机头
2026-07-21 08:01:31.000,drone_003,CRUISING,93.2,151.59,正常,光测,扇形,22000.0,18.0,20.0,机头
2026-07-21 08:01:32.000,drone_003,CRUISING,93.1,151.38,正常,光测,扇形,22000.0,18.0,20.0,机头
2026-07-21 08:01:33.000,drone_003,CRUISING,93.0,150.97,正常,光测,扇形,22000.0,18.0,20.0,机头
2026-07-21 08:01:34.000,drone_003,CRUISING,93.0,151.32,正常,光测,扇形,22000.0,18.0,20.0,机头
2026-07-21 08:01:35.000,drone_003,CRUISING,92.9,150.83,正常,光测,扇形,22000.0,18.0,20.0,机头
2026-07-21 08:01:36.000,drone_003,CRUISING,92.8,150.81,正常,光测,扇形,22000.0,18.0,20.0,机头
2026-07-21 08:01:37.000,drone_003,CRUISING,92.7,150.36,正常,光测,扇形,22000.0,18.0,20.0,机头
2026-07-21 08:01:38.000,drone_003,CRUISING,92.7,150.58,正常,光测,扇形,22000.0,18.0,20.0,机头
2026-07-21 08:01:39.000,drone_003,CRUISING,92.6,150.15,正常,光测,扇形,22000.0,18.0,20.0,机头
2026-07-21 08:01:40.000,drone_003,CRUISING,92.5,150.07,正常,光测,扇形,22000.0,18.0,20.0,机头
2026-07-21 08:01:41.000,drone_003,CRUISING,92.4,150.17,正常,光测,扇形,22000.0,18.0,20.0,机头
2026-07-21 08:01:42.000,drone_003,CRUISING,92.3,149.79,正常,光测,扇形,22000.0,18.0,20.0,机头
2026-07-21 08:01:43.000,drone_003,CRUISING,92.3,149.59,正常,光测,扇形,22000.0,18.0,20.0,机头
2026-07-21 08:01:44.000,drone_003,CRUISING,92.2,149.24,正常,光测,扇形,22000.0,18.0,20.0,机头
2026-07-21 08:01:45.000,drone_003,CRUISING,92.1,149.59,正常,光测,扇形,22000.0,18.0,20.0,机头
2026-07-21 08:01:46.000,drone_003,CRUISING,92.0,149.11,正常,光测,扇形,22000.0,18.0,20.0,机头
2026-07-21 08:01:47.000,drone_003,CRUISING,92.0,149.16,正常,光测,扇形,22000.0,18.0,20.0,机头
2026-07-21 08:01:48.000,drone_003,CRUISING,91.9,148.87,正常,光测,扇形,22000.0,18.0,20.0,机头
2026-07-21 08:01:49.000,drone_003,CRUISING,91.8,148.79,正常,光测,扇形,22000.0,18.0,20.0,机头
2026-07-21 08:01:50.000,drone_003,CRUISING,91.8,148.74,正常,光测,扇形,22000.0,18.0,20.0,机头
2026-07-21 08:01:51.000,drone_003,CRUISING,91.7,148.50,正常,光测,扇形,22000.0,18.0,20.0,机头
2026-07-21 08:01:52.000,drone_003,CRUISING,91.6,148.49,正常,光测,扇形,22000.0,18.0,20.0,机头
2026-07-21 08:01:53.000,drone_003,CRUISING,91.5,148.28,正常,光测,扇形,22000.0,18.0,20.0,机头
2026-07-21 08:01:54.000,drone_003,CRUISING,91.5,147.95,正常,光测,扇形,22000.0,18.0,20.0,机头
2026-07-21 08:01:55.000,drone_003,CRUISING,91.4,148.14,正常,光测,扇形,22000.0,18.0,20.0,机头
2026-07-21 08:01:56.000,drone_003,CRUISING,91.3,147.85,正常,光测,扇形,22000.0,18.0,20.0,机头
2026-07-21 08:01:57.000,drone_003,CRUISING,91.2,147.94,正常,光测,扇形,22000.0,18.0,20.0,机头
2026-07-21 08:01:58.000,drone_003,CRUISING,91.2,147.44,正常,光测,扇形,22000.0,18.0,20.0,机头
2026-07-21 08:01:59.000,drone_003,CRUISING,91.1,147.58,正常,光测,扇形,22000.0,18.0,20.0,机头
2026-07-21 08:02:00.000,drone_003,CRUISING,91.0,147.75,正常,光测,扇形,22000.0,18.0,20.0,机头
2026-07-21 08:02:01.000,drone_003,CRUISING,90.9,147.18,正常,光测,扇形,22000.0,18.0,20.0,机头
2026-07-21 08:02:02.000,drone_003,CRUISING,90.8,147.12,正常,光测,扇形,22000.0,18.0,20.0,机头
2026-07-21 08:02:03.000,drone_003,CRUISING,90.8,147.34,正常,光测,扇形,22000.0,18.0,20.0,机头
2026-07-21 08:02:04.000,drone_003,CRUISING,90.7,146.93,正常,光测,扇形,22000.0,18.0,20.0,机头
2026-07-21 08:02:05.000,drone_003,CRUISING,90.6,147.11,正常,光测,扇形,22000.0,18.0,20.0,机头
2026-07-21 08:02:06.000,drone_003,CRUISING,90.5,146.73,正常,光测,扇形,22000.0,18.0,20.0,机头
2026-07-21 08:02:07.000,drone_003,CRUISING,90.5,147.04,正常,光测,扇形,22000.0,18.0,20.0,机头
2026-07-21 08:02:08.000,drone_003,CRUISING,90.4,146.60,正常,光测,扇形,22000.0,18.0,20.0,机头
2026-07-21 08:02:09.000,drone_003,CRUISING,90.3,146.66,正常,光测,扇形,22000.0,18.0,20.0,机头
2026-07-21 08:02:10.000,drone_003,CRUISING,90.2,146.57,正常,光测,扇形,22000.0,18.0,20.0,机头
2026-07-21 08:02:11.000,drone_003,CRUISING,90.2,146.65,正常,光测,扇形,22000.0,18.0,20.0,机头
2026-07-21 08:02:12.000,drone_003,CRUISING,90.1,146.29,正常,光测,扇形,22000.0,18.0,20.0,机头
2026-07-21 08:02:13.000,drone_003,CRUISING,90.0,146.35,正常,光测,扇形,22000.0,18.0,20.0,机头
2026-07-21 08:02:14.000,drone_003,CRUISING,90.0,146.42,正常,光测,扇形,22000.0,18.0,20.0,机头
2026-07-21 08:02:15.000,drone_003,CRUISING,89.9,146.12,正常,光测,扇形,22000.0,18.0,20.0,机头
2026-07-21 08:02:16.000,drone_003,CRUISING,89.8,146.29,正常,光测,扇形,22000.0,18.0,20.0,机头
2026-07-21 08:02:17.000,drone_003,CRUISING,89.7,145.98,正常,光测,扇形,22000.0,18.0,20.0,机头
2026-07-21 08:02:18.000,drone_003,CRUISING,89.7,146.18,正常,光测,扇形,22000.0,18.0,20.0,机头
2026-07-21 08:02:19.000,drone_003,CRUISING,89.6,146.31,正常,光测,扇形,22000.0,18.0,20.0,机头
2026-07-21 08:02:20.000,drone_003,CRUISING,89.5,145.75,正常,光测,扇形,22000.0,18.0,20.0,机头
2026-07-21 08:02:21.000,drone_003,CRUISING,89.4,145.97,正常,光测,扇形,22000.0,18.0,20.0,机头
2026-07-21 08:02:22.000,drone_003,CRUISING,89.3,146.20,正常,光测,扇形,22000.0,18.0,20.0,机头
2026-07-21 08:02:23.000,drone_003,CRUISING,89.3,145.67,正常,光测,扇形,22000.0,18.0,20.0,机头
2026-07-21 08:02:24.000,drone_003,CRUISING,89.2,145.94,正常,光测,扇形,22000.0,18.0,20.0,机头
2026-07-21 08:02:25.000,drone_003,CRUISING,89.1,145.86,正常,光测,扇形,22000.0,18.0,20.0,机头
2026-07-21 08:02:26.000,drone_003,CRUISING,89.0,146.16,正常,光测,扇形,22000.0,18.0,20.0,机头
2026-07-21 08:02:27.000,drone_003,CRUISING,89.0,145.71,正常,光测,扇形,22000.0,18.0,20.0,机头
2026-07-21 08:02:28.000,drone_003,CRUISING,88.9,145.67,正常,光测,扇形,22000.0,18.0,20.0,机头
2026-07-21 08:02:29.000,drone_003,CRUISING,88.8,146.05,正常,光测,扇形,22000.0,18.0,20.0,机头
2026-07-21 08:02:30.000,drone_003,CRUISING,88.8,146.05,正常,光测,扇形,22000.0,18.0,20.0,机头
2026-07-21 08:02:31.000,drone_003,CRUISING,88.7,145.67,正常,光测,扇形,22000.0,18.0,20.0,机头
2026-07-21 08:02:32.000,drone_003,CRUISING,88.6,145.71,正常,光测,扇形,22000.0,18.0,20.0,机头
2026-07-21 08:02:33.000,drone_003,CRUISING,88.5,146.16,正常,光测,扇形,22000.0,18.0,20.0,机头
2026-07-21 08:02:34.000,drone_003,CRUISING,88.5,145.86,正常,光测,扇形,22000.0,18.0,20.0,机头
2026-07-21 08:02:35.000,drone_003,CRUISING,88.4,145.94,正常,光测,扇形,22000.0,18.0,20.0,机头
2026-07-21 08:02:36.000,drone_003,CRUISING,88.3,145.67,正常,光测,扇形,22000.0,18.0,20.0,机头
2026-07-21 08:02:37.000,drone_003,CRUISING,88.2,146.20,正常,光测,扇形,22000.0,18.0,20.0,机头
2026-07-21 08:02:38.000,drone_003,CRUISING,88.2,145.97,正常,光测,扇形,22000.0,18.0,20.0,机头
2026-07-21 08:02:39.000,drone_003,CRUISING,88.1,145.75,正常,光测,扇形,22000.0,18.0,20.0,机头
2026-07-21 08:02:40.000,drone_003,CRUISING,88.0,146.31,正常,光测,扇形,22000.0,18.0,20.0,机头
2026-07-21 08:02:41.000,drone_003,CRUISING,87.9,146.18,正常,光测,扇形,22000.0,18.0,20.0,机头
2026-07-21 08:02:42.000,drone_003,CRUISING,87.8,145.98,正常,光测,扇形,22000.0,18.0,20.0,机头
2026-07-21 08:02:43.000,drone_003,CRUISING,87.8,146.29,正常,光测,扇形,22000.0,18.0,20.0,机头
2026-07-21 08:02:44.000,drone_003,CRUISING,87.7,146.12,正常,光测,扇形,22000.0,18.0,20.0,机头
2026-07-21 08:02:45.000,drone_003,CRUISING,87.6,146.42,正常,光测,扇形,22000.0,18.0,20.0,机头
2026-07-21 08:02:46.000,drone_003,CRUISING,87.5,146.35,正常,光测,扇形,22000.0,18.0,20.0,机头
2026-07-21 08:02:47.000,drone_003,CRUISING,87.5,146.29,正常,光测,扇形,22000.0,18.0,20.0,机头
2026-07-21 08:02:48.000,drone_003,CRUISING,87.4,146.65,正常,光测,扇形,22000.0,18.0,20.0,机头
2026-07-21 08:02:49.000,drone_003,CRUISING,87.3,146.57,正常,光测,扇形,22000.0,18.0,20.0,机头
2026-07-21 08:02:50.000,drone_003,CRUISING,87.2,146.66,正常,光测,扇形,22000.0,18.0,20.0,机头
2026-07-21 08:02:51.000,drone_003,CRUISING,87.2,146.60,正常,光测,扇形,22000.0,18.0,20.0,机头
2026-07-21 08:02:52.000,drone_003,CRUISING,87.1,147.04,正常,光测,扇形,22000.0,18.0,20.0,机头
2026-07-21 08:02:53.000,drone_003,CRUISING,87.0,146.72,正常,光测,扇形,22000.0,18.0,20.0,机头
2026-07-21 08:02:54.000,drone_003,CRUISING,87.0,147.10,正常,光测,扇形,22000.0,18.0,20.0,机头
2026-07-21 08:02:55.000,drone_003,CRUISING,86.9,146.93,正常,光测,扇形,22000.0,18.0,20.0,机头
2026-07-21 08:02:56.000,drone_003,CRUISING,86.8,147.34,正常,光测,扇形,22000.0,18.0,20.0,机头
2026-07-21 08:02:57.000,drone_003,CRUISING,86.7,147.11,正常,光测,扇形,22000.0,18.0,20.0,机头
2026-07-21 08:02:58.000,drone_003,CRUISING,86.7,147.18,正常,光测,扇形,22000.0,18.0,20.0,机头
2026-07-21 08:02:59.000,drone_003,CRUISING,86.6,147.74,正常,光测,扇形,22000.0,18.0,20.0,机头
2026-07-21 08:03:00.000,drone_003,HOVER,86.5,147.58,正常,光测,扇形,22000.0,18.0,20.0,机头
2026-07-21 08:03:01.000,drone_003,CRUISING,86.4,147.44,正常,光测,扇形,22000.0,18.0,20.0,机头
2026-07-21 08:03:02.000,drone_003,CRUISING,86.3,147.94,正常,光测,扇形,22000.0,18.0,20.0,机头
2026-07-21 08:03:03.000,drone_003,CRUISING,86.3,147.84,正常,光测,扇形,22000.0,18.0,20.0,机头
2026-07-21 08:03:04.000,drone_003,CRUISING,86.2,148.13,正常,光测,扇形,22000.0,18.0,20.0,机头
2026-07-21 08:03:05.000,drone_003,CRUISING,86.1,147.94,正常,光测,扇形,22000.0,18.0,20.0,机头
2026-07-21 08:03:06.000,drone_003,CRUISING,86.0,148.27,正常,光测,扇形,22000.0,18.0,20.0,机头
2026-07-21 08:03:07.000,drone_003,CRUISING,86.0,148.48,正常,光测,扇形,22000.0,18.0,20.0,机头
2026-07-21 08:03:08.000,drone_003,CRUISING,85.9,148.49,正常,光测,扇形,22000.0,18.0,20.0,机头
2026-07-21 08:03:09.000,drone_003,CRUISING,85.8,148.73,正常,光测,扇形,22000.0,18.0,20.0,机头
2026-07-21 08:03:10.000,drone_003,CRUISING,85.8,148.78,正常,光测,扇形,22000.0,18.0,20.0,机头
2026-07-21 08:03:11.000,drone_003,CRUISING,85.7,148.86,正常,光测,扇形,22000.0,18.0,20.0,机头
2026-07-21 08:03:12.000,drone_003,CRUISING,85.6,149.14,正常,光测,扇形,22000.0,18.0,20.0,机头
2026-07-21 08:03:13.000,drone_003,CRUISING,85.5,149.10,正常,光测,扇形,22000.0,18.0,20.0,机头
2026-07-21 08:03:14.000,drone_003,CRUISING,85.5,149.58,正常,光测,扇形,22000.0,18.0,20.0,机头
2026-07-21 08:03:15.000,drone_003,CRUISING,85.4,149.22,正常,光测,扇形,22000.0,18.0,20.0,机头
2026-07-21 08:03:16.000,drone_003,CRUISING,85.3,149.57,正常,光测,扇形,22000.0,18.0,20.0,机头
2026-07-21 08:03:17.000,drone_003,CRUISING,85.2,149.77,正常,光测,扇形,22000.0,18.0,20.0,机头
2026-07-21 08:03:18.000,drone_003,CRUISING,85.2,150.15,正常,光测,扇形,22000.0,18.0,20.0,机头
2026-07-21 08:03:19.000,drone_003,CRUISING,85.1,150.06,正常,光测,扇形,22000.0,18.0,20.0,机头
2026-07-21 08:03:20.000,drone_003,CRUISING,85.0,150.13,正常,光测,扇形,22000.0,18.0,20.0,机头
2026-07-21 08:03:21.000,drone_003,CRUISING,84.9,150.56,正常,光测,扇形,22000.0,18.0,20.0,机头
2026-07-21 08:03:22.000,drone_003,CRUISING,84.8,150.34,正常,光测,扇形,22000.0,18.0,20.0,机头
2026-07-21 08:03:23.000,drone_003,CRUISING,84.8,150.79,正常,光测,扇形,22000.0,18.0,20.0,机头
2026-07-21 08:03:24.000,drone_003,CRUISING,84.7,150.81,正常,光测,扇形,22000.0,18.0,20.0,机头
2026-07-21 08:03:25.000,drone_003,CRUISING,84.6,151.30,正常,光测,扇形,22000.0,18.0,20.0,机头
2026-07-21 08:03:26.000,drone_003,CRUISING,84.5,150.95,正常,光测,扇形,22000.0,18.0,20.0,机头
2026-07-21 08:03:27.000,drone_003,CRUISING,84.5,151.36,正常,光测,扇形,22000.0,18.0,20.0,机头
2026-07-21 08:03:28.000,drone_003,CRUISING,84.4,151.57,正常,光测,扇形,22000.0,18.0,20.0,机头
2026-07-21 08:03:29.000,drone_003,CRUISING,84.3,151.49,正常,光测,扇形,22000.0,18.0,20.0,机头
2026-07-21 08:03:30.000,drone_003,CRUISING,84.2,152.05,正常,光测,扇形,22000.0,18.0,20.0,机头
2026-07-21 08:03:31.000,drone_003,CRUISING,84.2,152.01,正常,光测,扇形,22000.0,18.0,20.0,机头
2026-07-21 08:03:32.000,drone_003,CRUISING,84.1,152.29,正常,光测,扇形,22000.0,18.0,20.0,机头
2026-07-21 08:03:33.000,drone_003,CRUISING,84.0,152.29,正常,光测,扇形,22000.0,18.0,20.0,机头
2026-07-21 08:03:34.000,drone_003,CRUISING,84.0,152.37,正常,光测,扇形,22000.0,18.0,20.0,机头
2026-07-21 08:03:35.000,drone_003,CRUISING,83.9,152.93,正常,光测,扇形,22000.0,18.0,20.0,机头
2026-07-21 08:03:36.000,drone_003,CRUISING,83.8,152.76,正常,光测,扇形,22000.0,18.0,20.0,机头
2026-07-21 08:03:37.000,drone_003,CRUISING,83.7,153.12,正常,光测,扇形,22000.0,18.0,20.0,机头
2026-07-21 08:03:38.000,drone_003,CRUISING,83.7,153.21,正常,光测,扇形,22000.0,18.0,20.0,机头
2026-07-21 08:03:39.000,drone_003,CRUISING,83.6,153.37,正常,光测,扇形,22000.0,18.0,20.0,机头
2026-07-21 08:03:40.000,drone_003,CRUISING,83.5,153.75,正常,光测,扇形,22000.0,18.0,20.0,机头
2026-07-21 08:03:41.000,drone_003,CRUISING,83.4,153.41,正常,光测,扇形,22000.0,18.0,20.0,机头
2026-07-21 08:03:42.000,drone_003,CRUISING,83.3,154.10,正常,光测,扇形,22000.0,18.0,20.0,机头
2026-07-21 08:03:43.000,drone_003,CRUISING,83.3,154.04,正常,光测,扇形,22000.0,18.0,20.0,机头
2026-07-21 08:03:44.000,drone_003,CRUISING,83.2,154.26,正常,光测,扇形,22000.0,18.0,20.0,机头
2026-07-21 08:03:45.000,drone_003,CRUISING,83.1,154.49,正常,光测,扇形,22000.0,18.0,20.0,机头
2026-07-21 08:03:46.000,drone_003,CRUISING,83.0,154.74,正常,光测,扇形,22000.0,18.0,20.0,机头
2026-07-21 08:03:47.000,drone_003,CRUISING,83.0,154.48,正常,光测,扇形,22000.0,18.0,20.0,机头
2026-07-21 08:03:48.000,drone_003,CRUISING,82.9,155.03,正常,光测,扇形,22000.0,18.0,20.0,机头
2026-07-21 08:03:49.000,drone_003,CRUISING,82.8,155.05,正常,光测,扇形,22000.0,18.0,20.0,机头
2026-07-21 08:03:50.000,drone_003,CRUISING,82.8,155.37,正常,光测,扇形,22000.0,18.0,20.0,机头
2026-07-21 08:03:51.000,drone_003,CRUISING,82.7,155.44,正常,光测,扇形,22000.0,18.0,20.0,机头
2026-07-21 08:03:52.000,drone_003,CRUISING,82.6,155.52,正常,光测,扇形,22000.0,18.0,20.0,机头
2026-07-21 08:03:53.000,drone_003,CRUISING,82.5,155.90,正常,光测,扇形,22000.0,18.0,20.0,机头
2026-07-21 08:03:54.000,drone_003,CRUISING,82.5,156.02,正常,光测,扇形,22000.0,18.0,20.0,机头
2026-07-21 08:03:55.000,drone_003,CRUISING,82.4,155.87,正常,光测,扇形,22000.0,18.0,20.0,机头
2026-07-21 08:03:56.000,drone_003,CRUISING,82.3,156.30,正常,光测,扇形,22000.0,18.0,20.0,机头
2026-07-21 08:03:57.000,drone_003,CRUISING,82.2,156.70,正常,光测,扇形,22000.0,18.0,20.0,机头
2026-07-21 08:03:58.000,drone_003,CRUISING,82.2,156.65,正常,光测,扇形,22000.0,18.0,20.0,机头
2026-07-21 08:03:59.000,drone_003,CRUISING,82.1,156.85,正常,光测,扇形,22000.0,18.0,20.0,机头
2026-07-21 08:04:00.000,drone_003,HOVER,82.0,156.56,正常,光测,扇形,22000.0,18.0,20.0,机头
2026-07-21 08:04:01.000,drone_003,CRUISING,81.9,157.29,正常,光测,扇形,22000.0,18.0,20.0,机头
2026-07-21 08:04:02.000,drone_003,CRUISING,81.8,157.24,正常,光测,扇形,22000.0,18.0,20.0,机头
2026-07-21 08:04:03.000,drone_003,CRUISING,81.8,157.30,正常,光测,扇形,22000.0,18.0,20.0,机头
2026-07-21 08:04:04.000,drone_003,CRUISING,81.7,157.57,正常,光测,扇形,22000.0,18.0,20.0,机头
2026-07-21 08:04:05.000,drone_003,CRUISING,81.6,157.86,正常,光测,扇形,22000.0,18.0,20.0,机头
2026-07-21 08:04:06.000,drone_003,CRUISING,81.5,157.87,正常,光测,扇形,22000.0,18.0,20.0,机头
2026-07-21 08:04:07.000,drone_003,CRUISING,81.5,158.19,正常,光测,扇形,22000.0,18.0,20.0,机头
2026-07-21 08:04:08.000,drone_003,CRUISING,81.4,158.04,正常,光测,扇形,22000.0,18.0,20.0,机头
2026-07-21 08:04:09.000,drone_003,CRUISING,81.3,158.39,正常,光测,扇形,22000.0,18.0,20.0,机头
2026-07-21 08:04:10.000,drone_003,CRUISING,81.2,158.27,正常,光测,扇形,22000.0,18.0,20.0,机头
2026-07-21 08:04:11.000,drone_003,CRUISING,81.2,158.83,正常,光测,扇形,22000.0,18.0,20.0,机头
2026-07-21 08:04:12.000,drone_003,CRUISING,81.1,158.74,正常,光测,扇形,22000.0,18.0,20.0,机头
2026-07-21 08:04:13.000,drone_003,CRUISING,81.0,158.98,正常,光测,扇形,22000.0,18.0,20.0,机头
2026-07-21 08:04:14.000,drone_003,CRUISING,81.0,158.79,正常,光测,扇形,22000.0,18.0,20.0,机头
2026-07-21 08:04:15.000,drone_003,CRUISING,80.9,159.23,正常,光测,扇形,22000.0,18.0,20.0,机头
2026-07-21 08:04:16.000,drone_003,CRUISING,80.8,159.53,正常,光测,扇形,22000.0,18.0,20.0,机头
2026-07-21 08:04:17.000,drone_003,CRUISING,80.7,159.37,正常,光测,扇形,22000.0,18.0,20.0,机头
2026-07-21 08:04:18.000,drone_003,CRUISING,80.7,159.38,正常,光测,扇形,22000.0,18.0,20.0,机头
2026-07-21 08:04:19.000,drone_003,CRUISING,80.6,159.88,正常,光测,扇形,22000.0,18.0,20.0,机头
2026-07-21 08:04:20.000,drone_003,CRUISING,80.5,159.61,正常,光测,扇形,22000.0,18.0,20.0,机头
2026-07-21 08:04:21.000,drone_003,CRUISING,80.4,160.14,正常,光测,扇形,22000.0,18.0,20.0,机头
2026-07-21 08:04:22.000,drone_003,CRUISING,80.3,159.90,正常,光测,扇形,22000.0,18.0,20.0,机头
2026-07-21 08:04:23.000,drone_003,CRUISING,80.3,160.14,正常,光测,扇形,22000.0,18.0,20.0,机头
2026-07-21 08:04:24.000,drone_003,CRUISING,80.2,160.25,正常,光测,扇形,22000.0,18.0,20.0,机头
2026-07-21 08:04:25.000,drone_003,CRUISING,80.1,160.52,正常,光测,扇形,22000.0,18.0,20.0,机头
2026-07-21 08:04:26.000,drone_003,CRUISING,80.0,160.66,正常,光测,扇形,22000.0,18.0,20.0,机头
2026-07-21 08:04:27.000,drone_003,CRUISING,80.0,160.50,正常,光测,扇形,22000.0,18.0,20.0,机头
2026-07-21 08:04:28.000,drone_003,CRUISING,79.9,160.80,正常,光测,扇形,22000.0,18.0,20.0,机头
2026-07-21 08:04:29.000,drone_003,CRUISING,79.8,160.67,正常,光测,扇形,22000.0,18.0,20.0,机头
2026-07-21 08:04:30.000,drone_003,CRUISING,79.8,160.89,正常,光测,扇形,22000.0,18.0,20.0,机头
2026-07-21 08:04:31.000,drone_003,CRUISING,79.7,161.23,正常,光测,扇形,22000.0,18.0,20.0,机头
2026-07-21 08:04:32.000,drone_003,CRUISING,79.6,160.81,正常,光测,扇形,22000.0,18.0,20.0,机头
2026-07-21 08:04:33.000,drone_003,CRUISING,79.5,161.51,正常,光测,扇形,22000.0,18.0,20.0,机头
2026-07-21 08:04:34.000,drone_003,CRUISING,79.5,161.03,正常,光测,扇形,22000.0,18.0,20.0,机头
2026-07-21 08:04:35.000,drone_003,CRUISING,79.4,161.42,正常,光测,扇形,22000.0,18.0,20.0,机头
2026-07-21 08:04:36.000,drone_003,CRUISING,79.3,161.48,正常,光测,扇形,22000.0,18.0,20.0,机头
2026-07-21 08:04:37.000,drone_003,CRUISING,79.2,161.39,正常,光测,扇形,22000.0,18.0,20.0,机头
2026-07-21 08:04:38.000,drone_003,CRUISING,79.2,161.82,正常,光测,扇形,22000.0,18.0,20.0,机头
2026-07-21 08:04:39.000,drone_003,CRUISING,79.1,161.51,正常,光测,扇形,22000.0,18.0,20.0,机头
2026-07-21 08:04:40.000,drone_003,CRUISING,79.0,161.55,正常,光测,扇形,22000.0,18.0,20.0,机头
2026-07-21 08:04:41.000,drone_003,CRUISING,78.9,162.01,正常,光测,扇形,22000.0,18.0,20.0,机头
2026-07-21 08:04:42.000,drone_003,CRUISING,78.8,161.74,正常,光测,扇形,22000.0,18.0,20.0,机头
2026-07-21 08:04:43.000,drone_003,CRUISING,78.8,161.83,正常,光测,扇形,22000.0,18.0,20.0,机头
2026-07-21 08:04:44.000,drone_003,CRUISING,78.7,161.93,正常,光测,扇形,22000.0,18.0,20.0,机头
2026-07-21 08:04:45.000,drone_003,CRUISING,78.6,162.10,正常,光测,扇形,22000.0,18.0,20.0,机头
2026-07-21 08:04:46.000,drone_003,CRUISING,78.5,162.18,正常,光测,扇形,22000.0,18.0,20.0,机头
2026-07-21 08:04:47.000,drone_003,CRUISING,78.5,162.04,正常,光测,扇形,22000.0,18.0,20.0,机头
2026-07-21 08:04:48.000,drone_003,CRUISING,78.4,162.20,正常,光测,扇形,22000.0,18.0,20.0,机头
2026-07-21 08:04:49.000,drone_003,CRUISING,78.3,162.03,正常,光测,扇形,22000.0,18.0,20.0,机头
2026-07-21 08:04:50.000,drone_003,CRUISING,78.2,162.26,正常,光测,扇形,22000.0,18.0,20.0,机头
2026-07-21 08:04:51.000,drone_003,CRUISING,78.2,162.10,正常,光测,扇形,22000.0,18.0,20.0,机头
2026-07-21 08:04:52.000,drone_003,CRUISING,78.1,162.35,正常,光测,扇形,22000.0,18.0,20.0,机头
2026-07-21 08:04:53.000,drone_003,CRUISING,78.0,162.24,正常,光测,扇形,22000.0,18.0,20.0,机头
2026-07-21 08:04:54.000,drone_003,CRUISING,78.0,162.50,正常,光测,扇形,22000.0,18.0,20.0,机头
2026-07-21 08:04:55.000,drone_003,CRUISING,77.9,162.42,正常,光测,扇形,22000.0,18.0,20.0,机头
2026-07-21 08:04:56.000,drone_003,CRUISING,77.8,162.38,正常,光测,扇形,22000.0,18.0,20.0,机头
2026-07-21 08:04:57.000,drone_003,CRUISING,77.7,162.32,正常,光测,扇形,22000.0,18.0,20.0,机头
2026-07-21 08:04:58.000,drone_003,CRUISING,77.7,162.30,正常,光测,扇形,22000.0,18.0,20.0,机头
2026-07-21 08:04:59.000,drone_003,CRUISING,77.6,162.29,正常,光测,扇形,22000.0,18.0,20.0,机头
2026-07-21 08:05:00.000,drone_003,HOVER,77.5,162.29,正常,光测,扇形,22000.0,18.0,20.0,机头
2026-07-21 08:05:01.000,drone_003,CRUISING,77.4,162.30,正常,光测,扇形,22000.0,18.0,20.0,机头
2026-07-21 08:05:02.000,drone_003,CRUISING,77.3,162.32,正常,光测,扇形,22000.0,18.0,20.0,机头
2026-07-21 08:05:03.000,drone_003,CRUISING,77.3,162.38,正常,光测,扇形,22000.0,18.0,20.0,机头
2026-07-21 08:05:04.000,drone_003,CRUISING,77.2,162.42,正常,光测,扇形,22000.0,18.0,20.0,机头
2026-07-21 08:05:05.000,drone_003,CRUISING,77.1,162.50,正常,光测,扇形,22000.0,18.0,20.0,机头
2026-07-21 08:05:06.000,drone_003,CRUISING,77.0,162.24,正常,光测,扇形,22000.0,18.0,20.0,机头
2026-07-21 08:05:07.000,drone_003,CRUISING,77.0,162.35,正常,光测,扇形,22000.0,18.0,20.0,机头
2026-07-21 08:05:08.000,drone_003,CRUISING,76.9,162.10,正常,光测,扇形,22000.0,18.0,20.0,机头
2026-07-21 08:05:09.000,drone_003,CRUISING,76.8,162.26,正常,光测,扇形,22000.0,18.0,20.0,机头
2026-07-21 08:05:10.000,drone_003,CRUISING,76.8,162.03,正常,光测,扇形,22000.0,18.0,20.0,机头
2026-07-21 08:05:11.000,drone_003,CRUISING,76.7,162.20,正常,光测,扇形,22000.0,18.0,20.0,机头
2026-07-21 08:05:12.000,drone_003,CRUISING,76.6,162.04,正常,光测,扇形,22000.0,18.0,20.0,机头
2026-07-21 08:05:13.000,drone_003,CRUISING,76.5,162.18,正常,光测,扇形,22000.0,18.0,20.0,机头
2026-07-21 08:05:14.000,drone_003,CRUISING,76.5,162.10,正常,光测,扇形,22000.0,18.0,20.0,机头
2026-07-21 08:05:15.000,drone_003,CRUISING,76.4,161.93,正常,光测,扇形,22000.0,18.0,20.0,机头
2026-07-21 08:05:16.000,drone_003,CRUISING,76.3,161.83,正常,光测,扇形,22000.0,18.0,20.0,机头
2026-07-21 08:05:17.000,drone_003,CRUISING,76.2,161.74,正常,光测,扇形,22000.0,18.0,20.0,机头
2026-07-21 08:05:18.000,drone_003,CRUISING,76.2,162.01,正常,光测,扇形,22000.0,18.0,20.0,机头
2026-07-21 08:05:19.000,drone_003,CRUISING,76.1,161.55,正常,光测,扇形,22000.0,18.0,20.0,机头
2026-07-21 08:05:20.000,drone_003,CRUISING,76.0,161.51,正常,光测,扇形,22000.0,18.0,20.0,机头
2026-07-21 08:05:21.000,drone_003,CRUISING,75.9,161.82,正常,光测,扇形,22000.0,18.0,20.0,机头
2026-07-21 08:05:22.000,drone_003,CRUISING,75.8,161.39,正常,光测,扇形,22000.0,18.0,20.0,机头
2026-07-21 08:05:23.000,drone_003,CRUISING,75.8,161.48,正常,光测,扇形,22000.0,18.0,20.0,机头
2026-07-21 08:05:24.000,drone_003,CRUISING,75.7,161.42,正常,光测,扇形,22000.0,18.0,20.0,机头
2026-07-21 08:05:25.000,drone_003,CRUISING,75.6,161.03,正常,光测,扇形,22000.0,18.0,20.0,机头
2026-07-21 08:05:26.000,drone_003,CRUISING,75.5,161.51,正常,光测,扇形,22000.0,18.0,20.0,机头
2026-07-21 08:05:27.000,drone_003,CRUISING,75.5,160.81,正常,光测,扇形,22000.0,18.0,20.0,机头
2026-07-21 08:05:28.000,drone_003,CRUISING,75.4,161.23,正常,光测,扇形,22000.0,18.0,20.0,机头
2026-07-21 08:05:29.000,drone_003,CRUISING,75.3,160.89,正常,光测,扇形,22000.0,18.0,20.0,机头
2026-07-21 08:05:30.000,drone_003,CRUISING,75.2,160.67,正常,光测,扇形,22000.0,18.0,20.0,机头
2026-07-21 08:05:31.000,drone_003,CRUISING,75.2,160.80,正常,光测,扇形,22000.0,18.0,20.0,机头
2026-07-21 08:05:32.000,drone_003,CRUISING,75.1,160.50,正常,光测,扇形,22000.0,18.0,20.0,机头
2026-07-21 08:05:33.000,drone_003,CRUISING,75.0,160.66,正常,光测,扇形,22000.0,18.0,20.0,机头
2026-07-21 08:05:34.000,drone_003,CRUISING,75.0,160.52,正常,光测,扇形,22000.0,18.0,20.0,机头
2026-07-21 08:05:35.000,drone_003,CRUISING,74.9,160.25,正常,光测,扇形,22000.0,18.0,20.0,机头
2026-07-21 08:05:36.000,drone_003,CRUISING,74.8,160.14,正常,光测,扇形,22000.0,18.0,20.0,机头
2026-07-21 08:05:37.000,drone_003,CRUISING,74.7,159.90,正常,光测,扇形,22000.0,18.0,20.0,机头
2026-07-21 08:05:38.000,drone_003,CRUISING,74.7,160.14,正常,光测,扇形,22000.0,18.0,20.0,机头
2026-07-21 08:05:39.000,drone_003,CRUISING,74.6,159.61,正常,光测,扇形,22000.0,18.0,20.0,机头
2026-07-21 08:05:40.000,drone_003,CRUISING,74.5,159.88,正常,光测,扇形,22000.0,18.0,20.0,机头
2026-07-21 08:05:41.000,drone_003,CRUISING,74.4,159.38,正常,光测,扇形,22000.0,18.0,20.0,机头
2026-07-21 08:05:42.000,drone_003,CRUISING,74.3,159.37,正常,光测,扇形,22000.0,18.0,20.0,机头
2026-07-21 08:05:43.000,drone_003,CRUISING,74.3,159.53,正常,光测,扇形,22000.0,18.0,20.0,机头
2026-07-21 08:05:44.000,drone_003,CRUISING,74.2,159.23,正常,光测,扇形,22000.0,18.0,20.0,机头
2026-07-21 08:05:45.000,drone_003,CRUISING,74.1,158.79,正常,光测,扇形,22000.0,18.0,20.0,机头
2026-07-21 08:05:46.000,drone_003,CRUISING,74.0,158.98,正常,光测,扇形,22000.0,18.0,20.0,机头
2026-07-21 08:05:47.000,drone_003,CRUISING,74.0,158.74,正常,光测,扇形,22000.0,18.0,20.0,机头
2026-07-21 08:05:48.000,drone_003,CRUISING,73.9,158.83,正常,光测,扇形,22000.0,18.0,20.0,机头
2026-07-21 08:05:49.000,drone_003,CRUISING,73.8,158.27,正常,光测,扇形,22000.0,18.0,20.0,机头
2026-07-21 08:05:50.000,drone_003,CRUISING,73.8,158.39,正常,光测,扇形,22000.0,18.0,20.0,机头
2026-07-21 08:05:51.000,drone_003,CRUISING,73.7,158.04,正常,光测,扇形,22000.0,18.0,20.0,机头
2026-07-21 08:05:52.000,drone_003,CRUISING,73.6,158.19,正常,光测,扇形,22000.0,18.0,20.0,机头
2026-07-21 08:05:53.000,drone_003,CRUISING,73.5,157.87,正常,光测,扇形,22000.0,18.0,20.0,机头
2026-07-21 08:05:54.000,drone_003,CRUISING,73.5,157.86,正常,光测,扇形,22000.0,18.0,20.0,机头
2026-07-21 08:05:55.000,drone_003,CRUISING,73.4,157.57,正常,光测,扇形,22000.0,18.0,20.0,机头
2026-07-21 08:05:56.000,drone_003,CRUISING,73.3,157.30,正常,光测,扇形,22000.0,18.0,20.0,机头
2026-07-21 08:05:57.000,drone_003,CRUISING,73.2,157.24,正常,光测,扇形,22000.0,18.0,20.0,机头
2026-07-21 08:05:58.000,drone_003,CRUISING,73.2,157.29,正常,光测,扇形,22000.0,18.0,20.0,机头
2026-07-21 08:05:59.000,drone_003,CRUISING,73.1,156.56,正常,光测,扇形,22000.0,18.0,20.0,机头
2026-07-21 08:06:00.000,drone_003,HOVER,73.0,156.85,正常,光测,扇形,22000.0,18.0,20.0,机头
2026-07-21 08:06:01.000,drone_003,CRUISING,72.9,156.65,正常,光测,扇形,22000.0,18.0,20.0,机头
2026-07-21 08:06:02.000,drone_003,CRUISING,72.8,156.70,正常,光测,扇形,22000.0,18.0,20.0,机头
2026-07-21 08:06:03.000,drone_003,CRUISING,72.8,156.30,正常,光测,扇形,22000.0,18.0,20.0,机头
2026-07-21 08:06:04.000,drone_003,CRUISING,72.7,155.87,正常,光测,扇形,22000.0,18.0,20.0,机头
2026-07-21 08:06:05.000,drone_003,CRUISING,72.6,156.02,正常,光测,扇形,22000.0,18.0,20.0,机头
2026-07-21 08:06:06.000,drone_003,CRUISING,72.5,155.90,正常,光测,扇形,22000.0,18.0,20.0,机头
2026-07-21 08:06:07.000,drone_003,CRUISING,72.5,155.52,正常,光测,扇形,22000.0,18.0,20.0,机头
2026-07-21 08:06:08.000,drone_003,CRUISING,72.4,155.44,正常,光测,扇形,22000.0,18.0,20.0,机头
2026-07-21 08:06:09.000,drone_003,CRUISING,72.3,155.37,正常,光测,扇形,22000.0,18.0,20.0,机头
2026-07-21 08:06:10.000,drone_003,CRUISING,72.2,155.05,正常,光测,扇形,22000.0,18.0,20.0,机头
2026-07-21 08:06:11.000,drone_003,CRUISING,72.2,155.03,正常,光测,扇形,22000.0,18.0,20.0,机头
2026-07-21 08:06:12.000,drone_003,CRUISING,72.1,154.48,正常,光测,扇形,22000.0,18.0,20.0,机头
2026-07-21 08:06:13.000,drone_003,CRUISING,72.0,154.74,正常,光测,扇形,22000.0,18.0,20.0,机头
2026-07-21 08:06:14.000,drone_003,CRUISING,72.0,154.49,正常,光测,扇形,22000.0,18.0,20.0,机头
2026-07-21 08:06:15.000,drone_003,CRUISING,71.9,154.26,正常,光测,扇形,22000.0,18.0,20.0,机头
2026-07-21 08:06:16.000,drone_003,CRUISING,71.8,154.04,正常,光测,扇形,22000.0,18.0,20.0,机头
2026-07-21 08:06:17.000,drone_003,CRUISING,71.7,154.10,正常,光测,扇形,22000.0,18.0,20.0,机头
2026-07-21 08:06:18.000,drone_003,CRUISING,71.7,153.41,正常,光测,扇形,22000.0,18.0,20.0,机头
2026-07-21 08:06:19.000,drone_003,CRUISING,71.6,153.75,正常,光测,扇形,22000.0,18.0,20.0,机头
2026-07-21 08:06:20.000,drone_003,CRUISING,71.5,153.37,正常,光测,扇形,22000.0,18.0,20.0,机头
2026-07-21 08:06:21.000,drone_003,CRUISING,71.4,153.21,正常,光测,扇形,22000.0,18.0,20.0,机头
2026-07-21 08:06:22.000,drone_003,CRUISING,71.3,153.12,正常,光测,扇形,22000.0,18.0,20.0,机头
2026-07-21 08:06:23.000,drone_003,CRUISING,71.3,152.76,正常,光测,扇形,22000.0,18.0,20.0,机头
2026-07-21 08:06:24.000,drone_003,CRUISING,71.2,152.93,正常,光测,扇形,22000.0,18.0,20.0,机头
2026-07-21 08:06:25.000,drone_003,CRUISING,71.1,152.37,正常,光测,扇形,22000.0,18.0,20.0,机头
2026-07-21 08:06:26.000,drone_003,CRUISING,71.0,152.29,正常,光测,扇形,22000.0,18.0,20.0,机头
2026-07-21 08:06:27.000,drone_003,CRUISING,71.0,152.29,正常,光测,扇形,22000.0,18.0,20.0,机头
2026-07-21 08:06:28.000,drone_003,CRUISING,70.9,152.01,正常,光测,扇形,22000.0,18.0,20.0,机头
2026-07-21 08:06:29.000,drone_003,CRUISING,70.8,152.05,正常,光测,扇形,22000.0,18.0,20.0,机头
2026-07-21 08:06:30.000,drone_003,CRUISING,70.8,151.49,正常,光测,扇形,22000.0,18.0,20.0,机头
2026-07-21 08:06:31.000,drone_003,CRUISING,70.7,151.57,正常,光测,扇形,22000.0,18.0,20.0,机头
2026-07-21 08:06:32.000,drone_003,CRUISING,70.6,151.36,正常,光测,扇形,22000.0,18.0,20.0,机头
2026-07-21 08:06:33.000,drone_003,CRUISING,70.5,150.95,正常,光测,扇形,22000.0,18.0,20.0,机头
2026-07-21 08:06:34.000,drone_003,CRUISING,70.5,151.30,正常,光测,扇形,22000.0,18.0,20.0,机头
2026-07-21 08:06:35.000,drone_003,CRUISING,70.4,150.81,正常,光测,扇形,22000.0,18.0,20.0,机头
2026-07-21 08:06:36.000,drone_003,CRUISING,70.3,150.79,正常,光测,扇形,22000.0,18.0,20.0,机头
2026-07-21 08:06:37.000,drone_003,CRUISING,70.2,150.34,正常,光测,扇形,22000.0,18.0,20.0,机头
2026-07-21 08:06:38.000,drone_003,CRUISING,70.2,150.56,正常,光测,扇形,22000.0,18.0,20.0,机头
2026-07-21 08:06:39.000,drone_003,CRUISING,70.1,150.13,正常,光测,扇形,22000.0,18.0,20.0,机头
2026-07-21 08:06:40.000,drone_003,CRUISING,70.0,150.06,正常,光测,扇形,22000.0,18.0,20.0,机头
2026-07-21 08:06:41.000,drone_003,CRUISING,69.9,150.15,正常,光测,扇形,22000.0,18.0,20.0,机头
2026-07-21 08:06:42.000,drone_003,CRUISING,69.8,149.77,正常,光测,扇形,22000.0,18.0,20.0,机头
2026-07-21 08:06:43.000,drone_003,CRUISING,69.8,149.57,正常,光测,扇形,22000.0,18.0,20.0,机头
2026-07-21 08:06:44.000,drone_003,CRUISING,69.7,149.22,正常,光测,扇形,22000.0,18.0,20.0,机头
2026-07-21 08:06:45.000,drone_003,CRUISING,69.6,149.58,正常,光测,扇形,22000.0,18.0,20.0,机头
2026-07-21 08:06:46.000,drone_003,CRUISING,69.5,149.10,正常,光测,扇形,22000.0,18.0,20.0,机头
2026-07-21 08:06:47.000,drone_003,CRUISING,69.5,149.14,正常,光测,扇形,22000.0,18.0,20.0,机头
2026-07-21 08:06:48.000,drone_003,CRUISING,69.4,148.86,正常,光测,扇形,22000.0,18.0,20.0,机头
2026-07-21 08:06:49.000,drone_003,CRUISING,69.3,148.78,正常,光测,扇形,22000.0,18.0,20.0,机头
2026-07-21 08:06:50.000,drone_003,CRUISING,69.2,148.73,正常,光测,扇形,22000.0,18.0,20.0,机头
2026-07-21 08:06:51.000,drone_003,CRUISING,69.2,148.49,正常,光测,扇形,22000.0,18.0,20.0,机头
2026-07-21 08:06:52.000,drone_003,CRUISING,69.1,148.48,正常,光测,扇形,22000.0,18.0,20.0,机头
2026-07-21 08:06:53.000,drone_003,CRUISING,69.0,148.27,正常,光测,扇形,22000.0,18.0,20.0,机头
2026-07-21 08:06:54.000,drone_003,CRUISING,69.0,147.94,正常,光测,扇形,22000.0,18.0,20.0,机头
2026-07-21 08:06:55.000,drone_003,CRUISING,68.9,148.13,正常,光测,扇形,22000.0,18.0,20.0,机头
2026-07-21 08:06:56.000,drone_003,CRUISING,68.8,147.84,正常,光测,扇形,22000.0,18.0,20.0,机头
2026-07-21 08:06:57.000,drone_003,CRUISING,68.7,147.94,正常,光测,扇形,22000.0,18.0,20.0,机头
2026-07-21 08:06:58.000,drone_003,CRUISING,68.7,147.44,正常,光测,扇形,22000.0,18.0,20.0,机头
2026-07-21 08:06:59.000,drone_003,CRUISING,68.6,147.58,正常,光测,扇形,22000.0,18.0,20.0,机头
2026-07-21 08:07:00.000,drone_003,HOVER,68.5,147.74,正常,光测,扇形,22000.0,18.0,20.0,机头
2026-07-21 08:07:01.000,drone_003,CRUISING,68.4,147.18,正常,光测,扇形,22000.0,18.0,20.0,机头
2026-07-21 08:07:02.000,drone_003,CRUISING,68.3,147.11,正常,光测,扇形,22000.0,18.0,20.0,机头
2026-07-21 08:07:03.000,drone_003,CRUISING,68.3,147.34,正常,光测,扇形,22000.0,18.0,20.0,机头
2026-07-21 08:07:04.000,drone_003,CRUISING,68.2,146.93,正常,光测,扇形,22000.0,18.0,20.0,机头
2026-07-21 08:07:05.000,drone_003,CRUISING,68.1,147.10,正常,光测,扇形,22000.0,18.0,20.0,机头
2026-07-21 08:07:06.000,drone_003,CRUISING,68.0,146.72,正常,光测,扇形,22000.0,18.0,20.0,机头
2026-07-21 08:07:07.000,drone_003,CRUISING,68.0,147.04,正常,光测,扇形,22000.0,18.0,20.0,机头
2026-07-21 08:07:08.000,drone_003,CRUISING,67.9,146.60,正常,光测,扇形,22000.0,18.0,20.0,机头
2026-07-21 08:07:09.000,drone_003,CRUISING,67.8,146.66,正常,光测,扇形,22000.0,18.0,20.0,机头
2026-07-21 08:07:10.000,drone_003,CRUISING,67.8,146.57,正常,光测,扇形,22000.0,18.0,20.0,机头
2026-07-21 08:07:11.000,drone_003,CRUISING,67.7,146.65,正常,光测,扇形,22000.0,18.0,20.0,机头
2026-07-21 08:07:12.000,drone_003,CRUISING,67.6,146.29,正常,光测,扇形,22000.0,18.0,20.0,机头
2026-07-21 08:07:13.000,drone_003,CRUISING,67.5,146.35,正常,光测,扇形,22000.0,18.0,20.0,机头
2026-07-21 08:07:14.000,drone_003,CRUISING,67.5,146.42,正常,光测,扇形,22000.0,18.0,20.0,机头
2026-07-21 08:07:15.000,drone_003,CRUISING,67.4,146.12,正常,光测,扇形,22000.0,18.0,20.0,机头
2026-07-21 08:07:16.000,drone_003,CRUISING,67.3,146.29,正常,光测,扇形,22000.0,18.0,20.0,机头
2026-07-21 08:07:17.000,drone_003,CRUISING,67.2,145.98,正常,光测,扇形,22000.0,18.0,20.0,机头
2026-07-21 08:07:18.000,drone_003,CRUISING,67.2,146.18,正常,光测,扇形,22000.0,18.0,20.0,机头
2026-07-21 08:07:19.000,drone_003,CRUISING,67.1,146.31,正常,光测,扇形,22000.0,18.0,20.0,机头
2026-07-21 08:07:20.000,drone_003,CRUISING,67.0,145.75,正常,光测,扇形,22000.0,18.0,20.0,机头
2026-07-21 08:07:21.000,drone_003,CRUISING,66.9,145.97,正常,光测,扇形,22000.0,18.0,20.0,机头
2026-07-21 08:07:22.000,drone_003,CRUISING,66.8,146.20,正常,光测,扇形,22000.0,18.0,20.0,机头
2026-07-21 08:07:23.000,drone_003,CRUISING,66.8,145.67,正常,光测,扇形,22000.0,18.0,20.0,机头
2026-07-21 08:07:24.000,drone_003,CRUISING,66.7,145.94,正常,光测,扇形,22000.0,18.0,20.0,机头
2026-07-21 08:07:25.000,drone_003,CRUISING,66.6,145.86,正常,光测,扇形,22000.0,18.0,20.0,机头
2026-07-21 08:07:26.000,drone_003,CRUISING,66.5,146.16,正常,光测,扇形,22000.0,18.0,20.0,机头
2026-07-21 08:07:27.000,drone_003,CRUISING,66.5,145.71,正常,光测,扇形,22000.0,18.0,20.0,机头
2026-07-21 08:07:28.000,drone_003,CRUISING,66.4,145.67,正常,光测,扇形,22000.0,18.0,20.0,机头
2026-07-21 08:07:29.000,drone_003,CRUISING,66.3,146.05,正常,光测,扇形,22000.0,18.0,20.0,机头
2026-07-21 08:07:30.000,drone_003,CRUISING,66.2,146.05,正常,光测,扇形,22000.0,18.0,20.0,机头
2026-07-21 08:07:31.000,drone_003,CRUISING,66.2,145.67,正常,光测,扇形,22000.0,18.0,20.0,机头
2026-07-21 08:07:32.000,drone_003,CRUISING,66.1,145.71,正常,光测,扇形,22000.0,18.0,20.0,机头
2026-07-21 08:07:33.000,drone_003,CRUISING,66.0,146.16,正常,光测,扇形,22000.0,18.0,20.0,机头
2026-07-21 08:07:34.000,drone_003,CRUISING,66.0,145.86,正常,光测,扇形,22000.0,18.0,20.0,机头
2026-07-21 08:07:35.000,drone_003,CRUISING,65.9,145.94,正常,光测,扇形,22000.0,18.0,20.0,机头
2026-07-21 08:07:36.000,drone_003,CRUISING,65.8,145.67,正常,光测,扇形,22000.0,18.0,20.0,机头
2026-07-21 08:07:37.000,drone_003,CRUISING,65.7,146.20,正常,光测,扇形,22000.0,18.0,20.0,机头
2026-07-21 08:07:38.000,drone_003,CRUISING,65.7,145.97,正常,光测,扇形,22000.0,18.0,20.0,机头
2026-07-21 08:07:39.000,drone_003,CRUISING,65.6,145.75,正常,光测,扇形,22000.0,18.0,20.0,机头
2026-07-21 08:07:40.000,drone_003,CRUISING,65.5,146.31,正常,光测,扇形,22000.0,18.0,20.0,机头
2026-07-21 08:07:41.000,drone_003,CRUISING,65.4,146.18,正常,光测,扇形,22000.0,18.0,20.0,机头
2026-07-21 08:07:42.000,drone_003,CRUISING,65.3,145.98,正常,光测,扇形,22000.0,18.0,20.0,机头
2026-07-21 08:07:43.000,drone_003,CRUISING,65.3,146.29,正常,光测,扇形,22000.0,18.0,20.0,机头
2026-07-21 08:07:44.000,drone_003,CRUISING,65.2,146.12,正常,光测,扇形,22000.0,18.0,20.0,机头
2026-07-21 08:07:45.000,drone_003,CRUISING,65.1,146.42,正常,光测,扇形,22000.0,18.0,20.0,机头
2026-07-21 08:07:46.000,drone_003,CRUISING,65.0,146.35,正常,光测,扇形,22000.0,18.0,20.0,机头
2026-07-21 08:07:47.000,drone_003,CRUISING,65.0,146.29,正常,光测,扇形,22000.0,18.0,20.0,机头
2026-07-21 08:07:48.000,drone_003,CRUISING,64.9,146.65,正常,光测,扇形,22000.0,18.0,20.0,机头
2026-07-21 08:07:49.000,drone_003,CRUISING,64.8,146.57,正常,光测,扇形,22000.0,18.0,20.0,机头
2026-07-21 08:07:50.000,drone_003,CRUISING,64.8,146.66,正常,光测,扇形,22000.0,18.0,20.0,机头
2026-07-21 08:07:51.000,drone_003,CRUISING,64.7,146.60,正常,光测,扇形,22000.0,18.0,20.0,机头
2026-07-21 08:07:52.000,drone_003,CRUISING,64.6,147.04,正常,光测,扇形,22000.0,18.0,20.0,机头
2026-07-21 08:07:53.000,drone_003,CRUISING,64.5,146.73,正常,光测,扇形,22000.0,18.0,20.0,机头
2026-07-21 08:07:54.000,drone_003,CRUISING,64.5,147.11,正常,光测,扇形,22000.0,18.0,20.0,机头
2026-07-21 08:07:55.000,drone_003,CRUISING,64.4,146.93,正常,光测,扇形,22000.0,18.0,20.0,机头
2026-07-21 08:07:56.000,drone_003,CRUISING,64.3,147.34,正常,光测,扇形,22000.0,18.0,20.0,机头
2026-07-21 08:07:57.000,drone_003,CRUISING,64.2,147.12,正常,光测,扇形,22000.0,18.0,20.0,机头
2026-07-21 08:07:58.000,drone_003,CRUISING,64.2,147.18,正常,光测,扇形,22000.0,18.0,20.0,机头
2026-07-21 08:07:59.000,drone_003,CRUISING,64.1,147.75,正常,光测,扇形,22000.0,18.0,20.0,机头
2026-07-21 08:08:00.000,drone_003,HOVER,64.0,147.58,正常,光测,扇形,22000.0,18.0,20.0,机头
2026-07-21 08:08:01.000,drone_003,CRUISING,63.9,147.44,正常,光测,扇形,22000.0,18.0,20.0,机头
2026-07-21 08:08:02.000,drone_003,CRUISING,63.9,147.94,正常,光测,扇形,22000.0,18.0,20.0,机头
2026-07-21 08:08:03.000,drone_003,CRUISING,63.8,147.85,正常,光测,扇形,22000.0,18.0,20.0,机头
2026-07-21 08:08:04.000,drone_003,CRUISING,63.7,148.14,正常,光测,扇形,22000.0,18.0,20.0,机头
2026-07-21 08:08:05.000,drone_003,CRUISING,63.6,147.95,正常,光测,扇形,22000.0,18.0,20.0,机头
2026-07-21 08:08:06.000,drone_003,CRUISING,63.5,148.28,正常,光测,扇形,22000.0,18.0,20.0,机头
2026-07-21 08:08:07.000,drone_003,CRUISING,63.5,148.49,正常,光测,扇形,22000.0,18.0,20.0,机头
2026-07-21 08:08:08.000,drone_003,CRUISING,63.4,148.50,正常,光测,扇形,22000.0,18.0,20.0,机头
2026-07-21 08:08:09.000,drone_003,CRUISING,63.3,148.74,正常,光测,扇形,22000.0,18.0,20.0,机头
2026-07-21 08:08:10.000,drone_003,CRUISING,63.2,148.79,正常,光测,扇形,22000.0,18.0,20.0,机头
2026-07-21 08:08:11.000,drone_003,CRUISING,63.2,148.87,正常,光测,扇形,22000.0,18.0,20.0,机头
2026-07-21 08:08:12.000,drone_003,CRUISING,63.1,149.16,正常,光测,扇形,22000.0,18.0,20.0,机头
2026-07-21 08:08:13.000,drone_003,CRUISING,63.0,149.11,正常,光测,扇形,22000.0,18.0,20.0,机头
2026-07-21 08:08:14.000,drone_003,CRUISING,63.0,149.59,正常,光测,扇形,22000.0,18.0,20.0,机头
2026-07-21 08:08:15.000,drone_003,CRUISING,62.9,149.24,正常,光测,扇形,22000.0,18.0,20.0,机头
2026-07-21 08:08:16.000,drone_003,CRUISING,62.8,149.59,正常,光测,扇形,22000.0,18.0,20.0,机头
2026-07-21 08:08:17.000,drone_003,CRUISING,62.7,149.79,正常,光测,扇形,22000.0,18.0,20.0,机头
2026-07-21 08:08:18.000,drone_003,CRUISING,62.6,150.17,正常,光测,扇形,22000.0,18.0,20.0,机头
2026-07-21 08:08:19.000,drone_003,CRUISING,62.6,150.07,正常,光测,扇形,22000.0,18.0,20.0,机头
2026-07-21 08:08:20.000,drone_003,CRUISING,62.5,150.15,正常,光测,扇形,22000.0,18.0,20.0,机头
2026-07-21 08:08:21.000,drone_003,CRUISING,62.4,150.58,正常,光测,扇形,22000.0,18.0,20.0,机头
2026-07-21 08:08:22.000,drone_003,CRUISING,62.4,150.36,正常,光测,扇形,22000.0,18.0,20.0,机头
2026-07-21 08:08:23.000,drone_003,CRUISING,62.3,150.81,正常,光测,扇形,22000.0,18.0,20.0,机头
2026-07-21 08:08:24.000,drone_003,CRUISING,62.2,150.83,正常,光测,扇形,22000.0,18.0,20.0,机头
2026-07-21 08:08:25.000,drone_003,CRUISING,62.1,151.32,正常,光测,扇形,22000.0,18.0,20.0,机头
2026-07-21 08:08:26.000,drone_003,CRUISING,62.0,150.97,正常,光测,扇形,22000.0,18.0,20.0,机头
2026-07-21 08:08:27.000,drone_003,CRUISING,62.0,151.38,正常,光测,扇形,22000.0,18.0,20.0,机头
2026-07-21 08:08:28.000,drone_003,CRUISING,61.9,151.59,正常,光测,扇形,22000.0,18.0,20.0,机头
2026-07-21 08:08:29.000,drone_003,CRUISING,61.8,151.52,正常,光测,扇形,22000.0,18.0,20.0,机头
2026-07-21 08:08:30.000,drone_003,CRUISING,61.8,152.07,正常,光测,扇形,22000.0,18.0,20.0,机头
2026-07-21 08:08:31.000,drone_003,CRUISING,61.7,152.03,正常,光测,扇形,22000.0,18.0,20.0,机头
2026-07-21 08:08:32.000,drone_003,CRUISING,61.6,152.32,正常,光测,扇形,22000.0,18.0,20.0,机头
2026-07-21 08:08:33.000,drone_003,CRUISING,61.5,152.31,正常,光测,扇形,22000.0,18.0,20.0,机头
2026-07-21 08:08:34.000,drone_003,CRUISING,61.5,152.40,正常,光测,扇形,22000.0,18.0,20.0,机头
2026-07-21 08:08:35.000,drone_003,CRUISING,61.4,152.97,正常,光测,扇形,22000.0,18.0,20.0,机头
2026-07-21 08:08:36.000,drone_003,CRUISING,61.3,152.79,正常,光测,扇形,22000.0,18.0,20.0,机头
2026-07-21 08:08:37.000,drone_003,CRUISING,61.2,153.15,正常,光测,扇形,22000.0,18.0,20.0,机头
2026-07-21 08:08:38.000,drone_003,CRUISING,61.1,153.25,正常,光测,扇形,22000.0,18.0,20.0,机头
2026-07-21 08:08:39.000,drone_003,CRUISING,61.1,153.41,正常,光测,扇形,22000.0,18.0,20.0,机头
2026-07-21 08:08:40.000,drone_003,CRUISING,61.0,153.78,正常,光测,扇形,22000.0,18.0,20.0,机头
2026-07-21 08:08:41.000,drone_003,CRUISING,60.9,153.44,正常,光测,扇形,22000.0,18.0,20.0,机头
2026-07-21 08:08:42.000,drone_003,CRUISING,60.9,154.14,正常,光测,扇形,22000.0,18.0,20.0,机头
2026-07-21 08:08:43.000,drone_003,CRUISING,60.8,154.08,正常,光测,扇形,22000.0,18.0,20.0,机头
2026-07-21 08:08:44.000,drone_003,CRUISING,60.7,154.31,正常,光测,扇形,22000.0,18.0,20.0,机头
2026-07-21 08:08:45.000,drone_003,CRUISING,60.6,154.53,正常,光测,扇形,22000.0,18.0,20.0,机头
2026-07-21 08:08:46.000,drone_003,CRUISING,60.5,154.78,正常,光测,扇形,22000.0,18.0,20.0,机头
2026-07-21 08:08:47.000,drone_003,CRUISING,60.5,154.53,正常,光测,扇形,22000.0,18.0,20.0,机头
2026-07-21 08:08:48.000,drone_003,CRUISING,60.4,155.08,正常,光测,扇形,22000.0,18.0,20.0,机头
2026-07-21 08:08:49.000,drone_003,CRUISING,60.3,155.10,正常,光测,扇形,22000.0,18.0,20.0,机头
2026-07-21 08:08:50.000,drone_003,CRUISING,60.2,155.42,正常,光测,扇形,22000.0,18.0,20.0,机头
2026-07-21 08:08:51.000,drone_003,CRUISING,60.2,155.49,正常,光测,扇形,22000.0,18.0,20.0,机头
2026-07-21 08:08:52.000,drone_003,CRUISING,60.1,155.58,正常,光测,扇形,22000.0,18.0,20.0,机头
2026-07-21 08:08:53.000,drone_003,CRUISING,60.0,155.96,正常,光测,扇形,22000.0,18.0,20.0,机头
2026-07-21 08:08:54.000,drone_003,CRUISING,60.0,156.08,正常,光测,扇形,22000.0,18.0,20.0,机头
2026-07-21 08:08:55.000,drone_003,CRUISING,59.9,155.93,正常,光测,扇形,22000.0,18.0,20.0,机头
2026-07-21 08:08:56.000,drone_003,CRUISING,59.8,156.36,正常,光测,扇形,22000.0,18.0,20.0,机头
2026-07-21 08:08:57.000,drone_003,CRUISING,59.7,156.76,正常,光测,扇形,22000.0,18.0,20.0,机头
2026-07-21 08:08:58.000,drone_003,CRUISING,59.6,156.72,正常,光测,扇形,22000.0,18.0,20.0,机头
2026-07-21 08:08:59.000,drone_003,CRUISING,59.6,156.91,正常,光测,扇形,22000.0,18.0,20.0,机头
2026-07-21 08:09:00.000,drone_003,HOVER,59.5,156.62,正常,光测,扇形,22000.0,18.0,20.0,机头
2026-07-21 08:09:01.000,drone_003,CRUISING,59.4,157.36,正常,光测,扇形,22000.0,18.0,20.0,机头
2026-07-21 08:09:02.000,drone_003,CRUISING,59.4,157.31,正常,光测,扇形,22000.0,18.0,20.0,机头
2026-07-21 08:09:03.000,drone_003,CRUISING,59.3,157.37,正常,光测,扇形,22000.0,18.0,20.0,机头
2026-07-21 08:09:04.000,drone_003,CRUISING,59.2,157.64,正常,光测,扇形,22000.0,18.0,20.0,机头
2026-07-21 08:09:05.000,drone_003,CRUISING,59.1,157.94,正常,光测,扇形,22000.0,18.0,20.0,机头
2026-07-21 08:09:06.000,drone_003,CRUISING,59.0,157.95,正常,光测,扇形,22000.0,18.0,20.0,机头
2026-07-21 08:09:07.000,drone_003,CRUISING,59.0,158.27,正常,光测,扇形,22000.0,18.0,20.0,机头
2026-07-21 08:09:08.000,drone_003,CRUISING,58.9,158.11,正常,光测,扇形,22000.0,18.0,20.0,机头
2026-07-21 08:09:09.000,drone_003,CRUISING,58.8,158.47,正常,光测,扇形,22000.0,18.0,20.0,机头
2026-07-21 08:09:10.000,drone_003,CRUISING,58.8,158.35,正常,光测,扇形,22000.0,18.0,20.0,机头
2026-07-21 08:09:11.000,drone_003,CRUISING,58.7,158.91,正常,光测,扇形,22000.0,18.0,20.0,机头
2026-07-21 08:09:12.000,drone_003,CRUISING,58.6,158.82,正常,光测,扇形,22000.0,18.0,20.0,机头
2026-07-21 08:09:13.000,drone_003,CRUISING,58.5,159.07,正常,光测,扇形,22000.0,18.0,20.0,机头
2026-07-21 08:09:14.000,drone_003,CRUISING,58.5,158.87,正常,光测,扇形,22000.0,18.0,20.0,机头
2026-07-21 08:09:15.000,drone_003,CRUISING,58.4,159.32,正常,光测,扇形,22000.0,18.0,20.0,机头
2026-07-21 08:09:16.000,drone_003,CRUISING,58.3,159.61,正常,光测,扇形,22000.0,18.0,20.0,机头
2026-07-21 08:09:17.000,drone_003,CRUISING,58.2,159.46,正常,光测,扇形,22000.0,18.0,20.0,机头
2026-07-21 08:09:18.000,drone_003,CRUISING,58.1,159.47,正常,光测,扇形,22000.0,18.0,20.0,机头
2026-07-21 08:09:19.000,drone_003,CRUISING,58.1,159.97,正常,光测,扇形,22000.0,18.0,20.0,机头
2026-07-21 08:09:20.000,drone_003,CRUISING,58.0,159.70,正常,光测,扇形,22000.0,18.0,20.0,机头
2026-07-21 08:09:21.000,drone_003,CRUISING,57.9,160.24,正常,光测,扇形,22000.0,18.0,20.0,机头
2026-07-21 08:09:22.000,drone_003,CRUISING,57.9,160.00,正常,光测,扇形,22000.0,18.0,20.0,机头
2026-07-21 08:09:23.000,drone_003,CRUISING,57.8,160.23,正常,光测,扇形,22000.0,18.0,20.0,机头
2026-07-21 08:09:24.000,drone_003,CRUISING,57.7,160.35,正常,光测,扇形,22000.0,18.0,20.0,机头
2026-07-21 08:09:25.000,drone_003,CRUISING,57.6,160.61,正常,光测,扇形,22000.0,18.0,20.0,机头
2026-07-21 08:09:26.000,drone_003,CRUISING,57.5,160.76,正常,光测,扇形,22000.0,18.0,20.0,机头
2026-07-21 08:09:27.000,drone_003,CRUISING,57.5,160.60,正常,光测,扇形,22000.0,18.0,20.0,机头
2026-07-21 08:09:28.000,drone_003,CRUISING,57.4,160.90,正常,光测,扇形,22000.0,18.0,20.0,机头
2026-07-21 08:09:29.000,drone_003,CRUISING,57.3,160.77,正常,光测,扇形,22000.0,18.0,20.0,机头
2026-07-21 08:09:30.000,drone_003,LANDING,57.2,160.99,正常,光测,扇形,22000.0,18.0,20.0,机头
2026-07-21 08:09:31.000,drone_003,LANDING,57.2,161.33,正常,光测,扇形,22000.0,18.0,20.0,机头
2026-07-21 08:09:32.000,drone_003,LANDING,57.1,160.92,正常,光测,扇形,22000.0,18.0,20.0,机头
2026-07-21 08:09:33.000,drone_003,LANDING,57.0,161.62,正常,光测,扇形,22000.0,18.0,20.0,机头
2026-07-21 08:09:34.000,drone_003,LANDING,57.0,161.13,正常,光测,扇形,22000.0,18.0,20.0,机头
2026-07-21 08:09:35.000,drone_003,LANDING,56.9,161.52,正常,光测,扇形,22000.0,18.0,20.0,机头
2026-07-21 08:09:36.000,drone_003,LANDING,56.8,161.59,正常,光测,扇形,22000.0,18.0,20.0,机头
2026-07-21 08:09:37.000,drone_003,LANDING,56.7,161.50,正常,光测,扇形,22000.0,18.0,20.0,机头
2026-07-21 08:09:38.000,drone_003,LANDING,56.6,161.93,正常,光测,扇形,22000.0,18.0,20.0,机头
2026-07-21 08:09:39.000,drone_003,LANDING,56.6,161.62,正常,光测,扇形,22000.0,18.0,20.0,机头
2026-07-21 08:09:40.000,drone_003,LANDING,56.5,161.66,正常,光测,扇形,22000.0,18.0,20.0,机头
2026-07-21 08:09:41.000,drone_003,LANDING,56.4,162.12,正常,光测,扇形,22000.0,18.0,20.0,机头
2026-07-21 08:09:42.000,drone_003,LANDING,56.4,161.85,正常,光测,扇形,22000.0,18.0,20.0,机头
2026-07-21 08:09:43.000,drone_003,LANDING,56.3,161.94,正常,光测,扇形,22000.0,18.0,20.0,机头
2026-07-21 08:09:44.000,drone_003,LANDING,56.2,162.04,正常,光测,扇形,22000.0,18.0,20.0,机头
2026-07-21 08:09:45.000,drone_003,LANDING,56.1,162.21,正常,光测,扇形,22000.0,18.0,20.0,机头
2026-07-21 08:09:46.000,drone_003,LANDING,56.0,162.30,正常,光测,扇形,22000.0,18.0,20.0,机头
2026-07-21 08:09:47.000,drone_003,LANDING,56.0,162.15,正常,光测,扇形,22000.0,18.0,20.0,机头
2026-07-21 08:09:48.000,drone_003,LANDING,55.9,162.31,正常,光测,扇形,22000.0,18.0,20.0,机头
2026-07-21 08:09:49.000,drone_003,LANDING,55.8,162.15,正常,光测,扇形,22000.0,18.0,20.0,机头
2026-07-21 08:09:50.000,drone_003,LANDING,55.8,162.38,正常,光测,扇形,22000.0,18.0,20.0,机头
2026-07-21 08:09:51.000,drone_003,LANDING,55.7,162.21,正常,光测,扇形,22000.0,18.0,20.0,机头
2026-07-21 08:09:52.000,drone_003,LANDING,55.6,162.47,正常,光测,扇形,22000.0,18.0,20.0,机头
2026-07-21 08:09:53.000,drone_003,LANDING,55.5,162.36,正常,光测,扇形,22000.0,18.0,20.0,机头
2026-07-21 08:09:54.000,drone_003,LANDING,55.5,162.62,正常,光测,扇形,22000.0,18.0,20.0,机头
2026-07-21 08:09:55.000,drone_003,LANDING,55.4,162.54,正常,光测,扇形,22000.0,18.0,20.0,机头
2026-07-21 08:09:56.000,drone_003,LANDING,55.3,162.50,正常,光测,扇形,22000.0,18.0,20.0,机头
2026-07-21 08:09:57.000,drone_003,LANDING,55.2,162.44,正常,光测,扇形,22000.0,18.0,20.0,机头
2026-07-21 08:09:58.000,drone_003,LANDING,55.1,162.42,正常,光测,扇形,22000.0,18.0,20.0,机头
2026-07-21 08:09:59.000,drone_003,LANDING,55.1,162.40,正常,光测,扇形,22000.0,18.0,20.0,机头
2026-07-21 08:10:00.000,drone_003,LANDING,55.0,162.40,正常,光测,扇形,22000.0,18.0,20.0,机头
