flightTime,trackId,planId,经,lat,alt,heading,pitch,roll
2026-07-21 08:00:00.000,drone_001,PLAN1,103.970000,30.620000,620.0,62.65,0.36,0.00
2026-07-21 08:00:01.000,drone_001,PLAN1,103.970292,30.620130,620.2,62.73,0.55,0.06
2026-07-21 08:00:02.000,drone_001,PLAN1,103.970585,30.620260,620.5,62.65,0.36,-0.06
2026-07-21 08:00:03.000,drone_001,PLAN1,103.970877,30.620390,620.7,62.73,0.36,0.06
2026-07-21 08:00:04.000,drone_001,PLAN1,103.971170,30.620520,620.9,62.65,0.55,-0.06
2026-07-21 08:00:05.000,drone_001,PLAN1,103.971462,30.620650,621.2,62.73,0.36,0.06
2026-07-21 08:00:06.000,drone_001,PLAN1,103.971755,30.620780,621.4,62.65,0.36,-0.06
2026-07-21 08:00:07.000,drone_001,PLAN1,103.972047,30.620910,621.6,62.83,0.55,0.14
2026-07-21 08:00:08.000,drone_001,PLAN1,103.972339,30.621039,621.9,62.65,0.36,-0.14
2026-07-21 08:00:09.000,drone_001,PLAN1,103.972631,30.621169,622.1,62.65,0.36,-0.00
2026-07-21 08:00:10.000,drone_001,PLAN1,103.972923,30.621299,622.3,62.83,0.36,0.14
2026-07-21 08:00:11.000,drone_001,PLAN1,103.973215,30.621428,622.5,62.65,0.55,-0.14
2026-07-21 08:00:12.000,drone_001,PLAN1,103.973507,30.621558,622.8,62.83,0.36,0.14
2026-07-21 08:00:13.000,drone_001,PLAN1,103.973799,30.621687,623.0,62.83,0.36,-0.00
2026-07-21 08:00:14.000,drone_001,PLAN1,103.974091,30.621816,623.2,62.56,0.55,-0.21
2026-07-21 08:00:15.000,drone_001,PLAN1,103.974382,30.621946,623.5,62.75,0.37,0.14
2026-07-21 08:00:16.000,drone_001,PLAN1,103.974673,30.622075,623.7,63.01,0.37,0.21
2026-07-21 08:00:17.000,drone_001,PLAN1,103.974965,30.622203,623.9,62.75,0.37,-0.21
2026-07-21 08:00:18.000,drone_001,PLAN1,103.975256,30.622332,624.1,62.66,0.55,-0.06
2026-07-21 08:00:19.000,drone_001,PLAN1,103.975546,30.622461,624.4,62.93,0.37,0.21
2026-07-21 08:00:20.000,drone_001,PLAN1,103.975837,30.622589,624.6,62.66,0.37,-0.21
2026-07-21 08:00:21.000,drone_001,PLAN1,103.976127,30.622718,624.8,62.93,0.37,0.21
2026-07-21 08:00:22.000,drone_001,PLAN1,103.976418,30.622846,625.0,62.85,0.55,-0.06
2026-07-21 08:00:23.000,drone_001,PLAN1,103.976708,30.622974,625.3,62.85,0.37,-0.00
2026-07-21 08:00:24.000,drone_001,PLAN1,103.976998,30.623102,625.5,62.95,0.37,0.08
2026-07-21 08:00:25.000,drone_001,PLAN1,103.977287,30.623229,625.7,62.85,0.37,-0.08
2026-07-21 08:00:26.000,drone_001,PLAN1,103.977577,30.623357,625.9,62.95,0.55,0.08
2026-07-21 08:00:27.000,drone_001,PLAN1,103.977866,30.623484,626.2,62.87,0.37,-0.06
2026-07-21 08:00:28.000,drone_001,PLAN1,103.978154,30.623611,626.4,62.95,0.37,0.06
2026-07-21 08:00:29.000,drone_001,PLAN1,103.978443,30.623738,626.6,63.05,0.37,0.08
2026-07-21 08:00:30.000,drone_001,PLAN1,103.978731,30.623864,626.8,63.05,0.37,-0.00
2026-07-21 08:00:31.000,drone_001,PLAN1,103.979019,30.623990,627.0,62.87,0.56,-0.15
2026-07-21 08:00:32.000,drone_001,PLAN1,103.979307,30.624117,627.3,63.23,0.37,0.29
2026-07-21 08:00:33.000,drone_001,PLAN1,103.979595,30.624242,627.5,62.97,0.37,-0.21
2026-07-21 08:00:34.000,drone_001,PLAN1,103.979882,30.624368,627.7,63.07,0.37,0.08
2026-07-21 08:00:35.000,drone_001,PLAN1,103.980168,30.624493,627.9,63.15,0.37,0.06
2026-07-21 08:00:36.000,drone_001,PLAN1,103.980455,30.624618,628.1,63.07,0.37,-0.06
2026-07-21 08:00:37.000,drone_001,PLAN1,103.980741,30.624743,628.3,63.26,0.37,0.15
2026-07-21 08:00:38.000,drone_001,PLAN1,103.981027,30.624867,628.5,62.99,0.56,-0.21
2026-07-21 08:00:39.000,drone_001,PLAN1,103.981312,30.624992,628.8,63.36,0.38,0.30
2026-07-21 08:00:40.000,drone_001,PLAN1,103.981597,30.625115,629.0,63.18,0.38,-0.15
2026-07-21 08:00:41.000,drone_001,PLAN1,103.981882,30.625239,629.2,63.28,0.38,0.08
2026-07-21 08:00:42.000,drone_001,PLAN1,103.982166,30.625362,629.4,63.28,0.38,-0.00
2026-07-21 08:00:43.000,drone_001,PLAN1,103.982450,30.625485,629.6,63.20,0.38,-0.07
2026-07-21 08:00:44.000,drone_001,PLAN1,103.982733,30.625608,629.8,63.47,0.38,0.21
2026-07-21 08:00:45.000,drone_001,PLAN1,103.983017,30.625730,630.0,63.31,0.38,-0.13
2026-07-21 08:00:46.000,drone_001,PLAN1,103.983299,30.625852,630.2,63.50,0.38,0.15
2026-07-21 08:00:47.000,drone_001,PLAN1,103.983581,30.625973,630.4,63.50,0.38,-0.00
2026-07-21 08:00:48.000,drone_001,PLAN1,103.983863,30.626094,630.6,63.50,0.38,-0.00
2026-07-21 08:00:49.000,drone_001,PLAN1,103.984145,30.626215,630.8,63.52,0.38,0.02
2026-07-21 08:00:50.000,drone_001,PLAN1,103.984425,30.626335,631.0,63.61,0.38,0.07
2026-07-21 08:00:51.000,drone_001,PLAN1,103.984706,30.626455,631.2,63.52,0.38,-0.07
2026-07-21 08:00:52.000,drone_001,PLAN1,103.984986,30.626575,631.4,63.63,0.38,0.09
2026-07-21 08:00:53.000,drone_001,PLAN1,103.985265,30.626694,631.6,63.63,0.38,-0.00
2026-07-21 08:00:54.000,drone_001,PLAN1,103.985544,30.626813,631.8,63.83,0.39,0.15
2026-07-21 08:00:55.000,drone_001,PLAN1,103.985823,30.626931,632.0,63.74,0.19,-0.07
2026-07-21 08:00:56.000,drone_001,PLAN1,103.986101,30.627049,632.1,63.74,0.39,-0.00
2026-07-21 08:00:57.000,drone_001,PLAN1,103.986379,30.627167,632.3,63.86,0.39,0.09
2026-07-21 08:00:58.000,drone_001,PLAN1,103.986656,30.627284,632.5,63.77,0.39,-0.07
2026-07-21 08:00:59.000,drone_001,PLAN1,103.986932,30.627401,632.7,63.97,0.39,0.16
2026-07-21 08:01:00.000,drone_001,PLAN1,103.987208,30.627517,632.9,63.97,0.39,-0.00
2026-07-21 08:01:01.000,drone_001,PLAN1,103.987484,30.627633,633.1,64.08,0.20,0.09
2026-07-21 08:01:02.000,drone_001,PLAN1,103.987759,30.627748,633.2,64.00,0.39,-0.07
2026-07-21 08:01:03.000,drone_001,PLAN1,103.988033,30.627863,633.4,64.00,0.39,-0.00
2026-07-21 08:01:04.000,drone_001,PLAN1,103.988307,30.627978,633.6,64.31,0.40,0.25
2026-07-21 08:01:05.000,drone_001,PLAN1,103.988580,30.628091,633.8,64.11,0.20,-0.16
2026-07-21 08:01:06.000,drone_001,PLAN1,103.988853,30.628205,633.9,64.23,0.40,0.09
2026-07-21 08:01:07.000,drone_001,PLAN1,103.989125,30.628318,634.1,64.35,0.40,0.09
2026-07-21 08:01:08.000,drone_001,PLAN1,103.989396,30.628430,634.3,64.35,0.20,-0.00
2026-07-21 08:01:09.000,drone_001,PLAN1,103.989667,30.628542,634.4,64.35,0.40,-0.00
2026-07-21 08:01:10.000,drone_001,PLAN1,103.989938,30.628654,634.6,64.38,0.40,0.03
2026-07-21 08:01:11.000,drone_001,PLAN1,103.990207,30.628765,634.8,64.66,0.20,0.23
2026-07-21 08:01:12.000,drone_001,PLAN1,103.990477,30.628875,634.9,64.50,0.40,-0.13
2026-07-21 08:01:13.000,drone_001,PLAN1,103.990745,30.628985,635.1,64.70,0.20,0.16
2026-07-21 08:01:14.000,drone_001,PLAN1,103.991013,30.629094,635.2,64.62,0.41,-0.07
2026-07-21 08:01:15.000,drone_001,PLAN1,103.991280,30.629203,635.4,64.82,0.41,0.16
2026-07-21 08:01:16.000,drone_001,PLAN1,103.991547,30.629311,635.6,64.74,0.20,-0.07
2026-07-21 08:01:17.000,drone_001,PLAN1,103.991813,30.629419,635.7,64.94,0.41,0.16
2026-07-21 08:01:18.000,drone_001,PLAN1,103.992079,30.629526,635.9,64.78,0.21,-0.13
2026-07-21 08:01:19.000,drone_001,PLAN1,103.992343,30.629633,636.0,64.99,0.21,0.17
2026-07-21 08:01:20.000,drone_001,PLAN1,103.992607,30.629739,636.1,65.19,0.41,0.17
2026-07-21 08:01:21.000,drone_001,PLAN1,103.992871,30.629844,636.3,65.11,0.21,-0.07
2026-07-21 08:01:22.000,drone_001,PLAN1,103.993134,30.629949,636.4,65.24,0.42,0.10
2026-07-21 08:01:23.000,drone_001,PLAN1,103.993396,30.630053,636.6,65.15,0.21,-0.07
2026-07-21 08:01:24.000,drone_001,PLAN1,103.993657,30.630157,636.7,65.36,0.21,0.17
2026-07-21 08:01:25.000,drone_001,PLAN1,103.993918,30.630260,636.8,65.28,0.42,-0.07
2026-07-21 08:01:26.000,drone_001,PLAN1,103.994178,30.630363,637.0,65.41,0.21,0.10
2026-07-21 08:01:27.000,drone_001,PLAN1,103.994437,30.630465,637.1,65.62,0.21,0.17
2026-07-21 08:01:28.000,drone_001,PLAN1,103.994696,30.630566,637.2,65.54,0.42,-0.07
2026-07-21 08:01:29.000,drone_001,PLAN1,103.994954,30.630667,637.4,65.67,0.21,0.10
2026-07-21 08:01:30.000,drone_001,PLAN1,103.995211,30.630767,637.5,65.88,0.21,0.17
2026-07-21 08:01:31.000,drone_001,PLAN1,103.995468,30.630866,637.6,65.80,0.21,-0.07
2026-07-21 08:01:32.000,drone_001,PLAN1,103.995724,30.630965,637.7,65.93,0.43,0.11
2026-07-21 08:01:33.000,drone_001,PLAN1,103.995979,30.631063,637.9,66.07,0.22,0.11
2026-07-21 08:01:34.000,drone_001,PLAN1,103.996233,30.631160,638.0,66.07,0.22,-0.00
2026-07-21 08:01:35.000,drone_001,PLAN1,103.996487,30.631257,638.1,65.98,0.22,-0.07
2026-07-21 08:01:36.000,drone_001,PLAN1,103.996740,30.631354,638.2,66.34,0.22,0.29
2026-07-21 08:01:37.000,drone_001,PLAN1,103.996992,30.631449,638.3,66.34,0.22,-0.00
2026-07-21 08:01:38.000,drone_001,PLAN1,103.997244,30.631544,638.4,66.48,0.22,0.11
2026-07-21 08:01:39.000,drone_001,PLAN1,103.997495,30.631638,638.5,66.40,0.22,-0.07
2026-07-21 08:01:40.000,drone_001,PLAN1,103.997745,30.631732,638.6,66.54,0.22,0.11
2026-07-21 08:01:41.000,drone_001,PLAN1,103.997994,30.631825,638.7,66.76,0.22,0.18
2026-07-21 08:01:42.000,drone_001,PLAN1,103.998243,30.631917,638.8,66.90,0.22,0.11
2026-07-21 08:01:43.000,drone_001,PLAN1,103.998491,30.632008,638.9,66.82,0.22,-0.07
2026-07-21 08:01:44.000,drone_001,PLAN1,103.998738,30.632099,639.0,66.97,0.22,0.12
2026-07-21 08:01:45.000,drone_001,PLAN1,103.998984,30.632189,639.1,66.97,0.22,-0.00
2026-07-21 08:01:46.000,drone_001,PLAN1,103.999230,30.632279,639.2,67.11,0.23,0.12
2026-07-21 08:01:47.000,drone_001,PLAN1,103.999475,30.632368,639.3,67.26,0.23,0.12
2026-07-21 08:01:48.000,drone_001,PLAN1,103.999719,30.632456,639.4,67.41,0.00,0.12
2026-07-21 08:01:49.000,drone_001,PLAN1,103.999962,30.632543,639.4,67.32,0.23,-0.07
2026-07-21 08:01:50.000,drone_001,PLAN1,104.000204,30.632630,639.5,67.56,0.23,0.19
2026-07-21 08:01:51.000,drone_001,PLAN1,104.000446,30.632716,639.6,67.71,0.23,0.12
2026-07-21 08:01:52.000,drone_001,PLAN1,104.000687,30.632801,639.7,67.87,0.00,0.12
2026-07-21 08:01:53.000,drone_001,PLAN1,104.000927,30.632885,639.7,67.87,0.23,-0.00
2026-07-21 08:01:54.000,drone_001,PLAN1,104.001167,30.632969,639.8,68.02,0.23,0.12
2026-07-21 08:01:55.000,drone_001,PLAN1,104.001406,30.633052,639.9,68.18,0.00,0.13
2026-07-21 08:01:56.000,drone_001,PLAN1,104.001644,30.633134,639.9,68.09,0.23,-0.07
2026-07-21 08:01:57.000,drone_001,PLAN1,104.001881,30.633216,640.0,68.25,0.24,0.13
2026-07-21 08:01:58.000,drone_001,PLAN1,104.002117,30.633297,640.1,68.50,0.00,0.20
2026-07-21 08:01:59.000,drone_001,PLAN1,104.002353,30.633377,640.1,68.58,0.24,0.06
2026-07-21 08:02:00.000,drone_001,PLAN1,104.002587,30.633456,640.2,68.66,0.00,0.07
2026-07-21 08:02:01.000,drone_001,PLAN1,104.002822,30.633535,640.2,68.74,0.24,0.07
2026-07-21 08:02:02.000,drone_001,PLAN1,104.003055,30.633613,640.3,68.91,0.00,0.13
2026-07-21 08:02:03.000,drone_001,PLAN1,104.003287,30.633690,640.3,69.16,0.24,0.20
2026-07-21 08:02:04.000,drone_001,PLAN1,104.003519,30.633766,640.4,69.07,0.00,-0.07
2026-07-21 08:02:05.000,drone_001,PLAN1,104.003750,30.633842,640.4,69.24,0.00,0.14
2026-07-21 08:02:06.000,drone_001,PLAN1,104.003980,30.633917,640.4,69.42,0.24,0.14
2026-07-21 08:02:07.000,drone_001,PLAN1,104.004209,30.633991,640.5,69.67,0.00,0.20
2026-07-21 08:02:08.000,drone_001,PLAN1,104.004438,30.634064,640.5,69.59,0.25,-0.07
2026-07-21 08:02:09.000,drone_001,PLAN1,104.004666,30.634137,640.6,70.02,0.00,0.35
2026-07-21 08:02:10.000,drone_001,PLAN1,104.004893,30.634208,640.6,69.94,0.00,-0.07
2026-07-21 08:02:11.000,drone_001,PLAN1,104.005119,30.634279,640.6,69.86,0.00,-0.07
2026-07-21 08:02:12.000,drone_001,PLAN1,104.005344,30.634350,640.6,70.38,0.25,0.42
2026-07-21 08:02:13.000,drone_001,PLAN1,104.005569,30.634419,640.7,70.30,0.00,-0.06
2026-07-21 08:02:14.000,drone_001,PLAN1,104.005793,30.634488,640.7,70.49,0.00,0.15
2026-07-21 08:02:15.000,drone_001,PLAN1,104.006016,30.634556,640.7,70.67,0.00,0.15
2026-07-21 08:02:16.000,drone_001,PLAN1,104.006238,30.634623,640.7,70.94,0.00,0.21
2026-07-21 08:02:17.000,drone_001,PLAN1,104.006460,30.634689,640.7,70.86,0.00,-0.06
2026-07-21 08:02:18.000,drone_001,PLAN1,104.006681,30.634755,640.7,71.05,0.00,0.15
2026-07-21 08:02:19.000,drone_001,PLAN1,104.006901,30.634820,640.7,71.24,0.00,0.15
2026-07-21 08:02:20.000,drone_001,PLAN1,104.007120,30.634884,640.7,71.43,0.26,0.16
2026-07-21 08:02:21.000,drone_001,PLAN1,104.007338,30.634947,640.8,71.71,0.00,0.22
2026-07-21 08:02:22.000,drone_001,PLAN1,104.007556,30.635009,640.8,71.63,-0.26,-0.06
2026-07-21 08:02:23.000,drone_001,PLAN1,104.007773,30.635071,640.7,71.83,0.00,0.16
2026-07-21 08:02:24.000,drone_001,PLAN1,104.007989,30.635132,640.7,72.11,0.00,0.22
2026-07-21 08:02:25.000,drone_001,PLAN1,104.008205,30.635192,640.7,72.23,0.00,0.10
2026-07-21 08:02:26.000,drone_001,PLAN1,104.008419,30.635251,640.7,72.52,0.00,0.23
2026-07-21 08:02:27.000,drone_001,PLAN1,104.008633,30.635309,640.7,72.44,0.00,-0.06
2026-07-21 08:02:28.000,drone_001,PLAN1,104.008846,30.635367,640.7,72.72,0.00,0.23
2026-07-21 08:02:29.000,drone_001,PLAN1,104.009059,30.635424,640.7,72.86,0.00,0.11
2026-07-21 08:02:30.000,drone_001,PLAN1,104.009270,30.635480,640.7,73.15,-0.27,0.23
2026-07-21 08:02:31.000,drone_001,PLAN1,104.009481,30.635535,640.6,73.15,0.00,-0.00
2026-07-21 08:02:32.000,drone_001,PLAN1,104.009692,30.635590,640.6,73.58,0.00,0.35
2026-07-21 08:02:33.000,drone_001,PLAN1,104.009901,30.635643,640.6,73.58,0.00,-0.00
2026-07-21 08:02:34.000,drone_001,PLAN1,104.010110,30.635696,640.6,73.80,-0.28,0.18
2026-07-21 08:02:35.000,drone_001,PLAN1,104.010318,30.635748,640.5,73.72,0.00,-0.06
2026-07-21 08:02:36.000,drone_001,PLAN1,104.010525,30.635800,640.5,74.25,0.00,0.42
2026-07-21 08:02:37.000,drone_001,PLAN1,104.010731,30.635850,640.5,74.25,-0.28,-0.00
2026-07-21 08:02:38.000,drone_001,PLAN1,104.010937,30.635900,640.4,74.47,0.00,0.18
2026-07-21 08:02:39.000,drone_001,PLAN1,104.011142,30.635949,640.4,74.71,-0.28,0.18
2026-07-21 08:02:40.000,drone_001,PLAN1,104.011346,30.635997,640.3,75.01,0.00,0.24
2026-07-21 08:02:41.000,drone_001,PLAN1,104.011550,30.636044,640.3,75.25,-0.29,0.19
2026-07-21 08:02:42.000,drone_001,PLAN1,104.011753,30.636090,640.2,75.18,0.00,-0.06
2026-07-21 08:02:43.000,drone_001,PLAN1,104.011955,30.636136,640.2,75.48,-0.29,0.25
2026-07-21 08:02:44.000,drone_001,PLAN1,104.012157,30.636181,640.1,75.73,0.00,0.19
2026-07-21 08:02:45.000,drone_001,PLAN1,104.012358,30.636225,640.1,75.97,-0.29,0.20
2026-07-21 08:02:46.000,drone_001,PLAN1,104.012558,30.636268,640.0,75.90,0.00,-0.05
2026-07-21 08:02:47.000,drone_001,PLAN1,104.012757,30.636311,640.0,76.53,-0.29,0.51
2026-07-21 08:02:48.000,drone_001,PLAN1,104.012956,30.636352,639.9,76.47,-0.29,-0.05
2026-07-21 08:02:49.000,drone_001,PLAN1,104.013154,30.636393,639.8,76.79,0.00,0.25
2026-07-21 08:02:50.000,drone_001,PLAN1,104.013352,30.636433,639.8,76.66,-0.30,-0.10
2026-07-21 08:02:51.000,drone_001,PLAN1,104.013548,30.636473,639.7,77.30,-0.30,0.52
2026-07-21 08:02:52.000,drone_001,PLAN1,104.013744,30.636511,639.6,77.30,0.00,-0.00
2026-07-21 08:02:53.000,drone_001,PLAN1,104.013940,30.636549,639.6,77.56,-0.30,0.21
2026-07-21 08:02:54.000,drone_001,PLAN1,104.014135,30.636586,639.5,77.83,-0.30,0.21
2026-07-21 08:02:55.000,drone_001,PLAN1,104.014329,30.636622,639.4,78.10,-0.30,0.22
2026-07-21 08:02:56.000,drone_001,PLAN1,104.014522,30.636657,639.3,78.10,-0.30,-0.00
2026-07-21 08:02:57.000,drone_001,PLAN1,104.014715,30.636692,639.2,78.43,0.00,0.26
2026-07-21 08:02:58.000,drone_001,PLAN1,104.014908,30.636726,639.2,78.65,-0.31,0.17
2026-07-21 08:02:59.000,drone_001,PLAN1,104.015099,30.636759,639.1,78.98,-0.31,0.27
2026-07-21 08:03:00.000,drone_001,PLAN2,104.015290,30.636791,639.0,79.32,-0.31,0.27
2026-07-21 08:03:01.000,drone_001,PLAN2,104.015481,30.636822,638.9,79.26,-0.31,-0.04
2026-07-21 08:03:02.000,drone_001,PLAN2,104.015671,30.636853,638.8,79.55,-0.31,0.23
2026-07-21 08:03:03.000,drone_001,PLAN2,104.015860,30.636883,638.7,79.89,-0.31,0.27
2026-07-21 08:03:04.000,drone_001,PLAN2,104.016049,30.636912,638.6,80.18,-0.31,0.23
2026-07-21 08:03:05.000,drone_001,PLAN2,104.016237,30.636940,638.5,80.13,-0.32,-0.04
2026-07-21 08:03:06.000,drone_001,PLAN2,104.016424,30.636968,638.4,80.47,-0.32,0.28
2026-07-21 08:03:07.000,drone_001,PLAN2,104.016611,30.636995,638.3,80.77,-0.32,0.24
2026-07-21 08:03:08.000,drone_001,PLAN2,104.016797,30.637021,638.2,81.12,-0.32,0.28
2026-07-21 08:03:09.000,drone_001,PLAN2,104.016983,30.637046,638.1,81.43,-0.32,0.24
2026-07-21 08:03:10.000,drone_001,PLAN2,104.017168,30.637070,638.0,81.43,-0.32,-0.00
2026-07-21 08:03:11.000,drone_001,PLAN2,104.017353,30.637094,637.9,81.73,-0.64,0.25
2026-07-21 08:03:12.000,drone_001,PLAN2,104.017537,30.637117,637.7,82.09,-0.32,0.28
2026-07-21 08:03:13.000,drone_001,PLAN2,104.017721,30.637139,637.6,82.05,-0.32,-0.03
2026-07-21 08:03:14.000,drone_001,PLAN2,104.017904,30.637161,637.5,82.40,-0.32,0.29
2026-07-21 08:03:15.000,drone_001,PLAN2,104.018087,30.637182,637.4,82.72,-0.33,0.25
2026-07-21 08:03:16.000,drone_001,PLAN2,104.018269,30.637202,637.3,83.04,-0.66,0.26
2026-07-21 08:03:17.000,drone_001,PLAN2,104.018450,30.637221,637.1,83.08,-0.33,0.03
2026-07-21 08:03:18.000,drone_001,PLAN2,104.018632,30.637240,637.0,83.74,-0.33,0.52
2026-07-21 08:03:19.000,drone_001,PLAN2,104.018812,30.637257,636.9,83.74,-0.33,-0.00
2026-07-21 08:03:20.000,drone_001,PLAN2,104.018992,30.637274,636.8,83.74,-0.66,-0.00
2026-07-21 08:03:21.000,drone_001,PLAN2,104.019172,30.637291,636.6,84.44,-0.33,0.56
2026-07-21 08:03:22.000,drone_001,PLAN2,104.019351,30.637306,636.5,84.44,-0.33,-0.00
2026-07-21 08:03:23.000,drone_001,PLAN2,104.019530,30.637321,636.4,84.78,-0.67,0.27
2026-07-21 08:03:24.000,drone_001,PLAN2,104.019708,30.637335,636.2,84.78,-0.33,-0.00
2026-07-21 08:03:25.000,drone_001,PLAN2,104.019886,30.637349,636.1,85.15,-0.33,0.30
2026-07-21 08:03:26.000,drone_001,PLAN2,104.020064,30.637362,636.0,85.49,-0.67,0.28
2026-07-21 08:03:27.000,drone_001,PLAN2,104.020241,30.637374,635.8,85.87,-0.34,0.30
2026-07-21 08:03:28.000,drone_001,PLAN2,104.020418,30.637385,635.7,85.85,-0.68,-0.02
2026-07-21 08:03:29.000,drone_001,PLAN2,104.020594,30.637396,635.5,86.22,-0.34,0.30
2026-07-21 08:03:30.000,drone_001,PLAN2,104.020770,30.637406,635.4,86.58,-0.68,0.29
2026-07-21 08:03:31.000,drone_001,PLAN2,104.020945,30.637415,635.2,86.58,-0.34,-0.00
2026-07-21 08:03:32.000,drone_001,PLAN2,104.021120,30.637424,635.1,87.34,-0.68,0.61
2026-07-21 08:03:33.000,drone_001,PLAN2,104.021295,30.637431,634.9,86.94,-0.34,-0.32
2026-07-21 08:03:34.000,drone_001,PLAN2,104.021469,30.637439,634.8,87.70,-0.69,0.61
2026-07-21 08:03:35.000,drone_001,PLAN2,104.021643,30.637445,634.6,87.70,-0.34,-0.00
2026-07-21 08:03:36.000,drone_001,PLAN2,104.021817,30.637451,634.5,88.08,-0.69,0.30
2026-07-21 08:03:37.000,drone_001,PLAN2,104.021990,30.637456,634.3,88.08,-0.35,-0.00
2026-07-21 08:03:38.000,drone_001,PLAN2,104.022163,30.637461,634.2,88.46,-0.69,0.31
2026-07-21 08:03:39.000,drone_001,PLAN2,104.022336,30.637465,634.0,88.84,-0.35,0.30
2026-07-21 08:03:40.000,drone_001,PLAN2,104.022508,30.637468,633.9,88.84,-0.70,-0.00
2026-07-21 08:03:41.000,drone_001,PLAN2,104.022680,30.637471,633.7,89.23,-0.70,0.31
2026-07-21 08:03:42.000,drone_001,PLAN2,104.022852,30.637473,633.5,89.61,-0.35,0.31
2026-07-21 08:03:43.000,drone_001,PLAN2,104.023024,30.637474,633.4,89.61,-0.70,-0.00
2026-07-21 08:03:44.000,drone_001,PLAN2,104.023195,30.637475,633.2,90.00,-0.70,0.31
2026-07-21 08:03:45.000,drone_001,PLAN2,104.023366,30.637475,633.0,90.39,-0.35,0.31
2026-07-21 08:03:46.000,drone_001,PLAN2,104.023537,30.637474,632.9,90.39,-0.70,0.00
2026-07-21 08:03:47.000,drone_001,PLAN2,104.023707,30.637473,632.7,90.78,-0.70,0.31
2026-07-21 08:03:48.000,drone_001,PLAN2,104.023877,30.637471,632.5,90.78,-0.35,-0.00
2026-07-21 08:03:49.000,drone_001,PLAN2,104.024047,30.637469,632.4,91.17,-0.70,0.31
2026-07-21 08:03:50.000,drone_001,PLAN2,104.024217,30.637466,632.2,91.57,-0.70,0.31
2026-07-21 08:03:51.000,drone_001,PLAN2,104.024387,30.637462,632.0,91.58,-0.35,0.01
2026-07-21 08:03:52.000,drone_001,PLAN2,104.024556,30.637458,631.9,91.97,-0.71,0.31
2026-07-21 08:03:53.000,drone_001,PLAN2,104.024725,30.637453,631.7,91.96,-0.70,-0.01
2026-07-21 08:03:54.000,drone_001,PLAN2,104.024895,30.637448,631.5,92.38,-0.71,0.34
2026-07-21 08:03:55.000,drone_001,PLAN2,104.025063,30.637442,631.3,92.76,-0.71,0.30
2026-07-21 08:03:56.000,drone_001,PLAN2,104.025232,30.637435,631.1,92.76,-0.35,-0.00
2026-07-21 08:03:57.000,drone_001,PLAN2,104.025401,30.637428,631.0,92.77,-0.71,0.01
2026-07-21 08:03:58.000,drone_001,PLAN2,104.025569,30.637421,630.8,93.56,-0.71,0.63
2026-07-21 08:03:59.000,drone_001,PLAN2,104.025737,30.637412,630.6,93.15,-0.71,-0.33
2026-07-21 08:04:00.000,drone_001,PLAN2,104.025906,30.637404,630.4,93.96,-0.71,0.65
2026-07-21 08:04:01.000,drone_001,PLAN2,104.026074,30.637394,630.2,93.56,-0.36,-0.32
2026-07-21 08:04:02.000,drone_001,PLAN2,104.026242,30.637385,630.1,94.35,-0.71,0.63
2026-07-21 08:04:03.000,drone_001,PLAN2,104.026410,30.637374,629.9,94.38,-0.71,0.02
2026-07-21 08:04:04.000,drone_001,PLAN2,104.026577,30.637363,629.7,94.35,-0.71,-0.02
2026-07-21 08:04:05.000,drone_001,PLAN2,104.026745,30.637352,629.5,94.75,-0.71,0.32
2026-07-21 08:04:06.000,drone_001,PLAN2,104.026913,30.637340,629.3,94.77,-0.71,0.02
2026-07-21 08:04:07.000,drone_001,PLAN2,104.027080,30.637328,629.1,95.14,-0.35,0.29
2026-07-21 08:04:08.000,drone_001,PLAN2,104.027248,30.637315,629.0,95.17,-0.71,0.02
2026-07-21 08:04:09.000,drone_001,PLAN2,104.027415,30.637302,628.8,95.53,-0.71,0.29
2026-07-21 08:04:10.000,drone_001,PLAN2,104.027583,30.637288,628.6,95.96,-0.71,0.34
2026-07-21 08:04:11.000,drone_001,PLAN2,104.027750,30.637273,628.4,95.53,-0.71,-0.34
2026-07-21 08:04:12.000,drone_001,PLAN2,104.027918,30.637259,628.2,96.35,-0.71,0.66
2026-07-21 08:04:13.000,drone_001,PLAN2,104.028085,30.637243,628.0,95.92,-0.71,-0.34
2026-07-21 08:04:14.000,drone_001,PLAN2,104.028253,30.637228,627.8,96.71,-0.71,0.63
2026-07-21 08:04:15.000,drone_001,PLAN2,104.028421,30.637211,627.6,96.35,-0.36,-0.28
2026-07-21 08:04:16.000,drone_001,PLAN2,104.028588,30.637195,627.5,96.71,-0.71,0.28
2026-07-21 08:04:17.000,drone_001,PLAN2,104.028756,30.637178,627.3,97.14,-0.71,0.35
2026-07-21 08:04:18.000,drone_001,PLAN2,104.028923,30.637160,627.1,97.10,-0.71,-0.03
2026-07-21 08:04:19.000,drone_001,PLAN2,104.029091,30.637142,626.9,97.10,-0.71,-0.00
2026-07-21 08:04:20.000,drone_001,PLAN2,104.029259,30.637124,626.7,97.49,-0.71,0.31
2026-07-21 08:04:21.000,drone_001,PLAN2,104.029427,30.637105,626.5,97.49,-0.71,-0.00
2026-07-21 08:04:22.000,drone_001,PLAN2,104.029595,30.637086,626.3,97.49,-0.71,-0.00
2026-07-21 08:04:23.000,drone_001,PLAN2,104.029763,30.637067,626.1,97.88,-0.71,0.31
2026-07-21 08:04:24.000,drone_001,PLAN2,104.029931,30.637047,625.9,98.22,-0.70,0.27
2026-07-21 08:04:25.000,drone_001,PLAN2,104.030100,30.637026,625.7,97.88,-0.71,-0.27
2026-07-21 08:04:26.000,drone_001,PLAN2,104.030268,30.637006,625.5,98.60,-0.70,0.58
2026-07-21 08:04:27.000,drone_001,PLAN2,104.030437,30.636984,625.3,98.27,-0.35,-0.27
2026-07-21 08:04:28.000,drone_001,PLAN2,104.030605,30.636963,625.2,98.60,-0.70,0.27
2026-07-21 08:04:29.000,drone_001,PLAN2,104.030774,30.636941,625.0,98.55,-0.70,-0.04
2026-07-21 08:04:30.000,drone_001,PLAN2,104.030944,30.636919,624.8,98.60,-0.70,0.04
2026-07-21 08:04:31.000,drone_001,PLAN2,104.031113,30.636897,624.6,98.99,-0.70,0.31
2026-07-21 08:04:32.000,drone_001,PLAN2,104.031282,30.636874,624.4,98.94,-0.70,-0.04
2026-07-21 08:04:33.000,drone_001,PLAN2,104.031452,30.636851,624.2,99.32,-0.69,0.31
2026-07-21 08:04:34.000,drone_001,PLAN2,104.031622,30.636827,624.0,99.32,-0.69,-0.00
2026-07-21 08:04:35.000,drone_001,PLAN2,104.031792,30.636803,623.8,99.32,-0.69,-0.00
2026-07-21 08:04:36.000,drone_001,PLAN2,104.031962,30.636779,623.6,99.26,-0.69,-0.04
2026-07-21 08:04:37.000,drone_001,PLAN2,104.032133,30.636755,623.4,99.64,-0.69,0.30
2026-07-21 08:04:38.000,drone_001,PLAN2,104.032304,30.636730,623.2,99.64,-0.34,-0.00
2026-07-21 08:04:39.000,drone_001,PLAN2,104.032475,30.636705,623.1,99.64,-0.69,-0.00
2026-07-21 08:04:40.000,drone_001,PLAN2,104.032646,30.636680,622.9,99.96,-0.69,0.26
2026-07-21 08:04:41.000,drone_001,PLAN2,104.032818,30.636654,622.7,99.59,-0.69,-0.30
2026-07-21 08:04:42.000,drone_001,PLAN2,104.032990,30.636629,622.5,99.96,-0.69,0.30
2026-07-21 08:04:43.000,drone_001,PLAN2,104.033162,30.636603,622.3,100.34,-0.68,0.30
2026-07-21 08:04:44.000,drone_001,PLAN2,104.033334,30.636576,622.1,99.91,-0.68,-0.35
2026-07-21 08:04:45.000,drone_001,PLAN2,104.033507,30.636550,621.9,100.28,-0.68,0.30
2026-07-21 08:04:46.000,drone_001,PLAN2,104.033680,30.636523,621.7,100.22,-0.34,-0.05
2026-07-21 08:04:47.000,drone_001,PLAN2,104.033854,30.636496,621.6,100.28,-0.68,0.05
2026-07-21 08:04:48.000,drone_001,PLAN2,104.034027,30.636469,621.4,100.17,-0.67,-0.09
2026-07-21 08:04:49.000,drone_001,PLAN2,104.034202,30.636442,621.2,100.59,-0.68,0.34
2026-07-21 08:04:50.000,drone_001,PLAN2,104.034376,30.636414,621.0,100.53,-0.67,-0.05
2026-07-21 08:04:51.000,drone_001,PLAN2,104.034551,30.636386,620.8,100.53,-0.67,-0.00
2026-07-21 08:04:52.000,drone_001,PLAN2,104.034726,30.636358,620.6,100.48,-0.67,-0.05
2026-07-21 08:04:53.000,drone_001,PLAN2,104.034902,30.636330,620.4,100.48,-0.33,-0.00
2026-07-21 08:04:54.000,drone_001,PLAN2,104.035078,30.636302,620.3,100.84,-0.67,0.29
2026-07-21 08:04:55.000,drone_001,PLAN2,104.035254,30.636273,620.1,100.42,-0.66,-0.34
2026-07-21 08:04:56.000,drone_001,PLAN2,104.035431,30.636245,619.9,100.78,-0.66,0.29
2026-07-21 08:04:57.000,drone_001,PLAN2,104.035608,30.636216,619.7,100.72,-0.66,-0.05
2026-07-21 08:04:58.000,drone_001,PLAN2,104.035786,30.636187,619.5,100.72,-0.33,-0.00
2026-07-21 08:04:59.000,drone_001,PLAN2,104.035964,30.636158,619.4,100.72,-0.66,-0.00
2026-07-21 08:05:00.000,drone_001,PLAN2,104.036142,30.636129,619.2,100.66,-0.66,-0.05
2026-07-21 08:05:01.000,drone_001,PLAN2,104.036321,30.636100,619.0,100.96,-0.65,0.24
2026-07-21 08:05:02.000,drone_001,PLAN2,104.036501,30.636070,618.8,100.66,-0.33,-0.24
2026-07-21 08:05:03.000,drone_001,PLAN2,104.036680,30.636041,618.7,100.90,-0.65,0.19
2026-07-21 08:05:04.000,drone_001,PLAN2,104.036861,30.636011,618.5,100.55,-0.65,-0.28
2026-07-21 08:05:05.000,drone_001,PLAN2,104.037042,30.635982,618.3,100.90,-0.32,0.28
2026-07-21 08:05:06.000,drone_001,PLAN2,104.037223,30.635952,618.2,100.84,-0.65,-0.05
2026-07-21 08:05:07.000,drone_001,PLAN2,104.037405,30.635922,618.0,100.84,-0.65,-0.00
2026-07-21 08:05:08.000,drone_001,PLAN2,104.037587,30.635892,617.8,100.44,-0.32,-0.33
2026-07-21 08:05:09.000,drone_001,PLAN2,104.037770,30.635863,617.7,100.79,-0.64,0.28
2026-07-21 08:05:10.000,drone_001,PLAN2,104.037953,30.635833,617.5,100.73,-0.64,-0.05
2026-07-21 08:05:11.000,drone_001,PLAN2,104.038137,30.635803,617.3,100.73,-0.32,-0.00
2026-07-21 08:05:12.000,drone_001,PLAN2,104.038321,30.635773,617.2,100.67,-0.64,-0.05
2026-07-21 08:05:13.000,drone_001,PLAN2,104.038506,30.635743,617.0,100.62,-0.63,-0.04
2026-07-21 08:05:14.000,drone_001,PLAN2,104.038692,30.635713,616.8,100.62,-0.32,-0.00
2026-07-21 08:05:15.000,drone_001,PLAN2,104.038878,30.635683,616.7,100.62,-0.63,-0.00
2026-07-21 08:05:16.000,drone_001,PLAN2,104.039064,30.635653,616.5,100.56,-0.31,-0.04
2026-07-21 08:05:17.000,drone_001,PLAN2,104.039251,30.635623,616.4,100.51,-0.63,-0.04
2026-07-21 08:05:18.000,drone_001,PLAN2,104.039439,30.635593,616.2,100.51,-0.63,-0.00
2026-07-21 08:05:19.000,drone_001,PLAN2,104.039627,30.635563,616.0,100.45,-0.31,-0.04
2026-07-21 08:05:20.000,drone_001,PLAN2,104.039816,30.635533,615.9,100.45,-0.62,-0.00
2026-07-21 08:05:21.000,drone_001,PLAN2,104.040005,30.635503,615.7,100.40,-0.31,-0.04
2026-07-21 08:05:22.000,drone_001,PLAN2,104.040195,30.635473,615.6,100.01,-0.62,-0.31
2026-07-21 08:05:23.000,drone_001,PLAN2,104.040386,30.635444,615.4,100.35,-0.31,0.27
2026-07-21 08:05:24.000,drone_001,PLAN2,104.040577,30.635414,615.3,100.29,-0.31,-0.04
2026-07-21 08:05:25.000,drone_001,PLAN2,104.040769,30.635384,615.2,99.91,-0.61,-0.31
2026-07-21 08:05:26.000,drone_001,PLAN2,104.040962,30.635355,615.0,99.91,-0.31,-0.00
2026-07-21 08:05:27.000,drone_001,PLAN2,104.041155,30.635326,614.9,100.19,-0.61,0.23
2026-07-21 08:05:28.000,drone_001,PLAN2,104.041349,30.635296,614.7,99.86,-0.30,-0.27
2026-07-21 08:05:29.000,drone_001,PLAN2,104.041543,30.635267,614.6,99.81,-0.30,-0.04
2026-07-21 08:05:30.000,drone_001,PLAN2,104.041738,30.635238,614.5,99.76,-0.60,-0.04
2026-07-21 08:05:31.000,drone_001,PLAN2,104.041934,30.635209,614.3,99.76,-0.30,-0.00
2026-07-21 08:05:32.000,drone_001,PLAN2,104.042130,30.635180,614.2,99.38,-0.30,-0.30
2026-07-21 08:05:33.000,drone_001,PLAN2,104.042327,30.635152,614.1,99.66,-0.60,0.22
2026-07-21 08:05:34.000,drone_001,PLAN2,104.042525,30.635123,613.9,99.33,-0.30,-0.26
2026-07-21 08:05:35.000,drone_001,PLAN2,104.042723,30.635095,613.8,99.29,-0.30,-0.04
2026-07-21 08:05:36.000,drone_001,PLAN2,104.042922,30.635067,613.7,99.24,-0.59,-0.04
2026-07-21 08:05:37.000,drone_001,PLAN2,104.043122,30.635039,613.5,99.24,-0.30,-0.00
2026-07-21 08:05:38.000,drone_001,PLAN2,104.043322,30.635011,613.4,99.20,-0.29,-0.04
2026-07-21 08:05:39.000,drone_001,PLAN2,104.043523,30.634983,613.3,98.83,-0.29,-0.29
2026-07-21 08:05:40.000,drone_001,PLAN2,104.043725,30.634956,613.2,99.11,-0.29,0.22
2026-07-21 08:05:41.000,drone_001,PLAN2,104.043928,30.634928,613.1,98.79,-0.58,-0.26
2026-07-21 08:05:42.000,drone_001,PLAN2,104.044131,30.634901,612.9,98.43,-0.29,-0.29
2026-07-21 08:05:43.000,drone_001,PLAN2,104.044335,30.634875,612.8,98.74,-0.29,0.26
2026-07-21 08:05:44.000,drone_001,PLAN2,104.044539,30.634848,612.7,98.39,-0.29,-0.29
2026-07-21 08:05:45.000,drone_001,PLAN2,104.044744,30.634822,612.6,98.31,-0.29,-0.06
2026-07-21 08:05:46.000,drone_001,PLAN2,104.044951,30.634796,612.5,98.34,-0.29,0.03
2026-07-21 08:05:47.000,drone_001,PLAN2,104.045157,30.634770,612.4,98.27,-0.28,-0.06
2026-07-21 08:05:48.000,drone_001,PLAN2,104.045365,30.634744,612.3,97.95,-0.28,-0.25
2026-07-21 08:05:49.000,drone_001,PLAN2,104.045573,30.634719,612.2,97.91,-0.28,-0.03
2026-07-21 08:05:50.000,drone_001,PLAN2,104.045782,30.634694,612.1,97.88,-0.28,-0.03
2026-07-21 08:05:51.000,drone_001,PLAN2,104.045992,30.634669,612.0,97.88,-0.28,-0.00
2026-07-21 08:05:52.000,drone_001,PLAN2,104.046202,30.634644,611.9,97.53,-0.28,-0.28
2026-07-21 08:05:53.000,drone_001,PLAN2,104.046413,30.634620,611.8,97.50,-0.28,-0.03
2026-07-21 08:05:54.000,drone_001,PLAN2,104.046625,30.634596,611.7,97.15,-0.28,-0.27
2026-07-21 08:05:55.000,drone_001,PLAN2,104.046838,30.634573,611.6,97.15,-0.28,-0.00
2026-07-21 08:05:56.000,drone_001,PLAN2,104.047051,30.634550,611.5,97.12,0.00,-0.03
2026-07-21 08:05:57.000,drone_001,PLAN2,104.047265,30.634527,611.5,97.09,-0.28,-0.03
2026-07-21 08:05:58.000,drone_001,PLAN2,104.047480,30.634504,611.4,96.75,-0.28,-0.27
2026-07-21 08:05:59.000,drone_001,PLAN2,104.047696,30.634482,611.3,96.75,-0.28,-0.00
2026-07-21 08:06:00.000,drone_001,PLAN2,104.047912,30.634460,611.2,96.69,-0.27,-0.05
2026-07-21 08:06:01.000,drone_001,PLAN2,104.048130,30.634438,611.1,96.39,0.00,-0.24
2026-07-21 08:06:02.000,drone_001,PLAN2,104.048348,30.634417,611.1,96.39,-0.27,-0.00
2026-07-21 08:06:03.000,drone_001,PLAN2,104.048566,30.634396,611.0,96.03,-0.27,-0.29
2026-07-21 08:06:04.000,drone_001,PLAN2,104.048786,30.634376,610.9,96.03,0.00,-0.00
2026-07-21 08:06:05.000,drone_001,PLAN2,104.049006,30.634356,610.9,96.00,-0.27,-0.02
2026-07-21 08:06:06.000,drone_001,PLAN2,104.049227,30.634336,610.8,95.68,-0.27,-0.26
2026-07-21 08:06:07.000,drone_001,PLAN2,104.049449,30.634317,610.7,95.66,0.00,-0.02
2026-07-21 08:06:08.000,drone_001,PLAN2,104.049672,30.634298,610.7,95.66,-0.27,-0.00
2026-07-21 08:06:09.000,drone_001,PLAN2,104.049895,30.634279,610.6,95.34,0.00,-0.26
2026-07-21 08:06:10.000,drone_001,PLAN2,104.050119,30.634261,610.6,95.02,-0.26,-0.25
2026-07-21 08:06:11.000,drone_001,PLAN2,104.050344,30.634244,610.5,95.29,-0.26,0.22
2026-07-21 08:06:12.000,drone_001,PLAN2,104.050570,30.634226,610.4,94.70,0.00,-0.47
2026-07-21 08:06:13.000,drone_001,PLAN2,104.050796,30.634210,610.4,94.97,0.00,0.22
2026-07-21 08:06:14.000,drone_001,PLAN2,104.051023,30.634193,610.4,94.35,-0.26,-0.50
2026-07-21 08:06:15.000,drone_001,PLAN2,104.051252,30.634178,610.3,94.66,0.00,0.25
2026-07-21 08:06:16.000,drone_001,PLAN2,104.051480,30.634162,610.3,94.33,-0.26,-0.26
2026-07-21 08:06:17.000,drone_001,PLAN2,104.051710,30.634147,610.2,94.05,0.00,-0.23
2026-07-21 08:06:18.000,drone_001,PLAN2,104.051940,30.634133,610.2,94.01,0.00,-0.03
2026-07-21 08:06:19.000,drone_001,PLAN2,104.052172,30.634119,610.2,94.01,-0.26,-0.00
2026-07-21 08:06:20.000,drone_001,PLAN2,104.052404,30.634105,610.1,93.73,0.00,-0.23
2026-07-21 08:06:21.000,drone_001,PLAN2,104.052636,30.634092,610.1,93.41,0.00,-0.25
2026-07-21 08:06:22.000,drone_001,PLAN2,104.052870,30.634080,610.1,93.41,-0.26,-0.00
2026-07-21 08:06:23.000,drone_001,PLAN2,104.053104,30.634068,610.0,93.40,0.00,-0.01
2026-07-21 08:06:24.000,drone_001,PLAN2,104.053339,30.634056,610.0,93.10,0.00,-0.24
2026-07-21 08:06:25.000,drone_001,PLAN2,104.053575,30.634045,610.0,92.81,0.00,-0.23
2026-07-21 08:06:26.000,drone_001,PLAN2,104.053812,30.634035,610.0,92.81,0.00,-0.00
2026-07-21 08:06:27.000,drone_001,PLAN2,104.054049,30.634025,610.0,92.80,0.00,-0.01
2026-07-21 08:06:28.000,drone_001,PLAN2,104.054287,30.634015,610.0,92.51,-0.25,-0.23
2026-07-21 08:06:29.000,drone_001,PLAN2,104.054526,30.634006,609.9,92.22,0.00,-0.23
2026-07-21 08:06:30.000,drone_001,PLAN2,104.054766,30.633998,609.9,92.22,0.00,-0.00
2026-07-21 08:06:31.000,drone_001,PLAN2,104.055006,30.633990,609.9,91.93,0.00,-0.23
2026-07-21 08:06:32.000,drone_001,PLAN2,104.055248,30.633983,609.9,91.93,0.00,-0.00
2026-07-21 08:06:33.000,drone_001,PLAN2,104.055490,30.633976,609.9,91.64,0.00,-0.23
2026-07-21 08:06:34.000,drone_001,PLAN2,104.055733,30.633970,609.9,91.64,0.00,-0.00
2026-07-21 08:06:35.000,drone_001,PLAN2,104.055976,30.633964,609.9,91.09,0.00,-0.44
2026-07-21 08:06:36.000,drone_001,PLAN2,104.056220,30.633960,609.9,91.35,0.24,0.21
2026-07-21 08:06:37.000,drone_001,PLAN2,104.056466,30.633955,610.0,91.09,0.00,-0.21
2026-07-21 08:06:38.000,drone_001,PLAN2,104.056711,30.633951,610.0,90.81,0.00,-0.22
2026-07-21 08:06:39.000,drone_001,PLAN2,104.056958,30.633948,610.0,90.54,0.00,-0.22
2026-07-21 08:06:40.000,drone_001,PLAN2,104.057205,30.633946,610.0,90.54,0.00,-0.00
2026-07-21 08:06:41.000,drone_001,PLAN2,104.057453,30.633944,610.0,90.53,0.00,-0.00
2026-07-21 08:06:42.000,drone_001,PLAN2,104.057702,30.633942,610.0,90.27,0.24,-0.21
2026-07-21 08:06:43.000,drone_001,PLAN2,104.057952,30.633941,610.1,90.00,0.00,-0.21
2026-07-21 08:06:44.000,drone_001,PLAN2,104.058202,30.633941,610.1,89.73,0.00,-0.21
2026-07-21 08:06:45.000,drone_001,PLAN2,104.058453,30.633942,610.1,89.74,0.24,0.00
2026-07-21 08:06:46.000,drone_001,PLAN2,104.058705,30.633943,610.2,89.47,0.00,-0.21
2026-07-21 08:06:47.000,drone_001,PLAN2,104.058958,30.633945,610.2,89.47,0.00,-0.00
2026-07-21 08:06:48.000,drone_001,PLAN2,104.059211,30.633947,610.2,89.21,0.24,-0.21
2026-07-21 08:06:49.000,drone_001,PLAN2,104.059465,30.633950,610.3,88.96,0.00,-0.21
2026-07-21 08:06:50.000,drone_001,PLAN2,104.059720,30.633954,610.3,88.96,0.23,-0.00
2026-07-21 08:06:51.000,drone_001,PLAN2,104.059975,30.633958,610.4,88.70,0.00,-0.20
2026-07-21 08:06:52.000,drone_001,PLAN2,104.060231,30.633963,610.4,88.45,0.23,-0.20
2026-07-21 08:06:53.000,drone_001,PLAN2,104.060488,30.633969,610.5,88.45,0.00,0.00
2026-07-21 08:06:54.000,drone_001,PLAN2,104.060746,30.633975,610.5,88.19,0.23,-0.21
2026-07-21 08:06:55.000,drone_001,PLAN2,104.061004,30.633982,610.6,87.94,0.00,-0.20
2026-07-21 08:06:56.000,drone_001,PLAN2,104.061263,30.633990,610.6,87.94,0.23,-0.00
2026-07-21 08:06:57.000,drone_001,PLAN2,104.061522,30.633998,610.7,87.70,0.00,-0.19
2026-07-21 08:06:58.000,drone_001,PLAN2,104.061783,30.634007,610.7,87.45,0.23,-0.20
2026-07-21 08:06:59.000,drone_001,PLAN2,104.062044,30.634017,610.8,87.45,0.23,-0.00
2026-07-21 08:07:00.000,drone_001,PLAN3,104.062305,30.634027,610.9,86.96,0.00,-0.39
2026-07-21 08:07:01.000,drone_001,PLAN3,104.062568,30.634039,610.9,87.22,0.23,0.20
2026-07-21 08:07:02.000,drone_001,PLAN3,104.062831,30.634050,611.0,86.71,0.23,-0.40
2026-07-21 08:07:03.000,drone_001,PLAN3,104.063094,30.634063,611.1,86.74,0.23,0.02
2026-07-21 08:07:04.000,drone_001,PLAN3,104.063359,30.634076,611.2,86.49,0.00,-0.20
2026-07-21 08:07:05.000,drone_001,PLAN3,104.063624,30.634090,611.2,86.24,0.23,-0.20
2026-07-21 08:07:06.000,drone_001,PLAN3,104.063889,30.634105,611.3,86.26,0.22,0.02
2026-07-21 08:07:07.000,drone_001,PLAN3,104.064156,30.634120,611.4,86.00,0.22,-0.21
2026-07-21 08:07:08.000,drone_001,PLAN3,104.064422,30.634136,611.5,85.78,0.22,-0.17
2026-07-21 08:07:09.000,drone_001,PLAN3,104.064690,30.634153,611.6,85.54,0.22,-0.20
2026-07-21 08:07:10.000,drone_001,PLAN3,104.064958,30.634171,611.7,85.55,0.22,0.01
2026-07-21 08:07:11.000,drone_001,PLAN3,104.065227,30.634189,611.8,85.31,0.22,-0.20
2026-07-21 08:07:12.000,drone_001,PLAN3,104.065496,30.634208,611.9,85.08,0.22,-0.18
2026-07-21 08:07:13.000,drone_001,PLAN3,104.065766,30.634228,612.0,85.10,0.22,0.01
2026-07-21 08:07:14.000,drone_001,PLAN3,104.066037,30.634248,612.1,84.61,0.22,-0.39
2026-07-21 08:07:15.000,drone_001,PLAN3,104.066308,30.634270,612.2,84.63,0.22,0.02
2026-07-21 08:07:16.000,drone_001,PLAN3,104.066580,30.634292,612.3,84.63,0.22,-0.00
2026-07-21 08:07:17.000,drone_001,PLAN3,104.066852,30.634314,612.4,84.17,0.22,-0.37
2026-07-21 08:07:18.000,drone_001,PLAN3,104.067125,30.634338,612.5,84.17,0.22,-0.00
2026-07-21 08:07:19.000,drone_001,PLAN3,104.067398,30.634362,612.6,83.95,0.22,-0.18
2026-07-21 08:07:20.000,drone_001,PLAN3,104.067672,30.634387,612.7,83.73,0.22,-0.17
2026-07-21 08:07:21.000,drone_001,PLAN3,104.067947,30.634413,612.8,83.49,0.22,-0.19
2026-07-21 08:07:22.000,drone_001,PLAN3,104.068222,30.634440,612.9,83.51,0.43,0.02
2026-07-21 08:07:23.000,drone_001,PLAN3,104.068498,30.634467,613.1,83.28,0.22,-0.19
2026-07-21 08:07:24.000,drone_001,PLAN3,104.068774,30.634495,613.2,83.06,0.21,-0.17
2026-07-21 08:07:25.000,drone_001,PLAN3,104.069051,30.634524,613.3,83.06,0.21,-0.00
2026-07-21 08:07:26.000,drone_001,PLAN3,104.069328,30.634553,613.4,82.59,0.43,-0.38
2026-07-21 08:07:27.000,drone_001,PLAN3,104.069605,30.634584,613.6,82.64,0.21,0.04
2026-07-21 08:07:28.000,drone_001,PLAN3,104.069884,30.634615,613.7,82.38,0.21,-0.21
2026-07-21 08:07:29.000,drone_001,PLAN3,104.070162,30.634647,613.8,82.20,0.42,-0.14
2026-07-21 08:07:30.000,drone_001,PLAN3,104.070442,30.634680,614.0,82.17,0.21,-0.02
2026-07-21 08:07:31.000,drone_001,PLAN3,104.070721,30.634713,614.1,81.73,0.21,-0.35
2026-07-21 08:07:32.000,drone_001,PLAN3,104.071001,30.634748,614.2,81.76,0.42,0.02
2026-07-21 08:07:33.000,drone_001,PLAN3,104.071282,30.634783,614.4,81.53,0.21,-0.19
2026-07-21 08:07:34.000,drone_001,PLAN3,104.071563,30.634819,614.5,81.56,0.42,0.02
2026-07-21 08:07:35.000,drone_001,PLAN3,104.071845,30.634855,614.7,81.10,0.21,-0.37
2026-07-21 08:07:36.000,drone_001,PLAN3,104.072127,30.634893,614.8,81.10,0.42,-0.00
2026-07-21 08:07:37.000,drone_001,PLAN3,104.072409,30.634931,615.0,80.90,0.21,-0.16
2026-07-21 08:07:38.000,drone_001,PLAN3,104.072692,30.634970,615.1,80.67,0.42,-0.18
2026-07-21 08:07:39.000,drone_001,PLAN3,104.072975,30.635010,615.3,80.70,0.21,0.03
2026-07-21 08:07:40.000,drone_001,PLAN3,104.073259,30.635050,615.4,80.25,0.42,-0.36
2026-07-21 08:07:41.000,drone_001,PLAN3,104.073543,30.635092,615.6,80.25,0.21,-0.00
2026-07-21 08:07:42.000,drone_001,PLAN3,104.073827,30.635134,615.7,80.05,0.41,-0.15
2026-07-21 08:07:43.000,drone_001,PLAN3,104.074112,30.635177,615.9,79.83,0.41,-0.18
2026-07-21 08:07:44.000,drone_001,PLAN3,104.074397,30.635221,616.1,79.64,0.21,-0.15
2026-07-21 08:07:45.000,drone_001,PLAN3,104.074683,30.635266,616.2,79.60,0.41,-0.03
2026-07-21 08:07:46.000,drone_001,PLAN3,104.074968,30.635311,616.4,79.45,0.41,-0.12
2026-07-21 08:07:47.000,drone_001,PLAN3,104.075255,30.635357,616.6,79.19,0.21,-0.21
2026-07-21 08:07:48.000,drone_001,PLAN3,104.075541,30.635404,616.7,79.00,0.41,-0.15
2026-07-21 08:07:49.000,drone_001,PLAN3,104.075828,30.635452,616.9,78.78,0.41,-0.18
2026-07-21 08:07:50.000,drone_001,PLAN3,104.076115,30.635501,617.1,78.81,0.41,0.03
2026-07-21 08:07:51.000,drone_001,PLAN3,104.076403,30.635550,617.3,78.59,0.20,-0.18
2026-07-21 08:07:52.000,drone_001,PLAN3,104.076691,30.635600,617.4,78.37,0.41,-0.18
2026-07-21 08:07:53.000,drone_001,PLAN3,104.076979,30.635651,617.6,78.15,0.41,-0.18
2026-07-21 08:07:54.000,drone_001,PLAN3,104.077267,30.635703,617.8,77.97,0.40,-0.14
2026-07-21 08:07:55.000,drone_001,PLAN3,104.077556,30.635756,618.0,77.97,0.40,-0.00
2026-07-21 08:07:56.000,drone_001,PLAN3,104.077845,30.635809,618.2,77.75,0.20,-0.18
2026-07-21 08:07:57.000,drone_001,PLAN3,104.078134,30.635863,618.3,77.53,0.40,-0.18
2026-07-21 08:07:58.000,drone_001,PLAN3,104.078423,30.635918,618.5,77.35,0.40,-0.14
2026-07-21 08:07:59.000,drone_001,PLAN3,104.078713,30.635974,618.7,77.13,0.40,-0.17
2026-07-21 08:08:00.000,drone_001,PLAN3,104.079003,30.636031,618.9,77.13,0.40,-0.00
2026-07-21 08:08:01.000,drone_001,PLAN3,104.079293,30.636088,619.1,76.91,0.40,-0.17
2026-07-21 08:08:02.000,drone_001,PLAN3,104.079583,30.636146,619.3,76.74,0.40,-0.14
2026-07-21 08:08:03.000,drone_001,PLAN3,104.079874,30.636205,619.5,76.52,0.40,-0.17
2026-07-21 08:08:04.000,drone_001,PLAN3,104.080165,30.636265,619.7,76.31,0.40,-0.17
2026-07-21 08:08:05.000,drone_001,PLAN3,104.080456,30.636326,619.9,76.31,0.40,-0.00
2026-07-21 08:08:06.000,drone_001,PLAN3,104.080747,30.636387,620.1,76.09,0.40,-0.17
2026-07-21 08:08:07.000,drone_001,PLAN3,104.081038,30.636449,620.3,75.88,0.40,-0.17
2026-07-21 08:08:08.000,drone_001,PLAN3,104.081329,30.636512,620.5,75.71,0.40,-0.13
2026-07-21 08:08:09.000,drone_001,PLAN3,104.081621,30.636576,620.7,75.66,0.40,-0.04
2026-07-21 08:08:10.000,drone_001,PLAN3,104.081912,30.636640,620.9,75.28,0.40,-0.30
2026-07-21 08:08:11.000,drone_001,PLAN3,104.082204,30.636706,621.1,75.28,0.40,-0.00
2026-07-21 08:08:12.000,drone_001,PLAN3,104.082496,30.636772,621.3,75.07,0.40,-0.17
2026-07-21 08:08:13.000,drone_001,PLAN3,104.082788,30.636839,621.5,75.07,0.40,-0.00
2026-07-21 08:08:14.000,drone_001,PLAN3,104.083080,30.636906,621.7,74.64,0.40,-0.34
2026-07-21 08:08:15.000,drone_001,PLAN3,104.083372,30.636975,621.9,74.69,0.39,0.04
2026-07-21 08:08:16.000,drone_001,PLAN3,104.083665,30.637044,622.1,74.43,0.39,-0.21
2026-07-21 08:08:17.000,drone_001,PLAN3,104.083957,30.637114,622.3,74.22,0.39,-0.17
2026-07-21 08:08:18.000,drone_001,PLAN3,104.084249,30.637185,622.5,74.27,0.59,0.04
2026-07-21 08:08:19.000,drone_001,PLAN3,104.084542,30.637256,622.8,73.80,0.39,-0.38
2026-07-21 08:08:20.000,drone_001,PLAN3,104.084834,30.637329,623.0,73.85,0.39,0.04
2026-07-21 08:08:21.000,drone_001,PLAN3,104.085127,30.637402,623.2,73.59,0.39,-0.21
2026-07-21 08:08:22.000,drone_001,PLAN3,104.085419,30.637476,623.4,73.64,0.39,0.04
2026-07-21 08:08:23.000,drone_001,PLAN3,104.085712,30.637550,623.6,73.38,0.39,-0.21
2026-07-21 08:08:24.000,drone_001,PLAN3,104.086004,30.637625,623.8,73.02,0.59,-0.29
2026-07-21 08:08:25.000,drone_001,PLAN3,104.086297,30.637702,624.1,73.17,0.39,0.12
2026-07-21 08:08:26.000,drone_001,PLAN3,104.086589,30.637778,624.3,72.75,0.39,-0.33
2026-07-21 08:08:27.000,drone_001,PLAN3,104.086881,30.637856,624.5,72.81,0.39,0.04
2026-07-21 08:08:28.000,drone_001,PLAN3,104.087174,30.637934,624.7,72.34,0.39,-0.38
2026-07-21 08:08:29.000,drone_001,PLAN3,104.087466,30.638014,624.9,72.54,0.59,0.17
2026-07-21 08:08:30.000,drone_001,PLAN3,104.087758,30.638093,625.2,72.19,0.39,-0.29
2026-07-21 08:08:31.000,drone_001,PLAN3,104.088051,30.638174,625.4,72.13,0.39,-0.05
2026-07-21 08:08:32.000,drone_001,PLAN3,104.088343,30.638255,625.6,71.72,0.39,-0.33
2026-07-21 08:08:33.000,drone_001,PLAN3,104.088635,30.638338,625.8,71.92,0.58,0.16
2026-07-21 08:08:34.000,drone_001,PLAN3,104.088927,30.638420,626.1,71.51,0.39,-0.33
2026-07-21 08:08:35.000,drone_001,PLAN3,104.089219,30.638504,626.3,71.45,0.39,-0.05
2026-07-21 08:08:36.000,drone_001,PLAN3,104.089510,30.638588,626.5,71.31,0.39,-0.12
2026-07-21 08:08:37.000,drone_001,PLAN3,104.089802,30.638673,626.7,71.04,0.58,-0.21
2026-07-21 08:08:38.000,drone_001,PLAN3,104.090093,30.638759,627.0,71.04,0.39,-0.00
2026-07-21 08:08:39.000,drone_001,PLAN3,104.090384,30.638845,627.2,70.90,0.39,-0.11
2026-07-21 08:08:40.000,drone_001,PLAN3,104.090676,30.638932,627.4,70.63,0.58,-0.21
2026-07-21 08:08:41.000,drone_001,PLAN3,104.090967,30.639020,627.7,70.37,0.39,-0.21
2026-07-21 08:08:42.000,drone_001,PLAN3,104.091257,30.639109,627.9,70.43,0.39,0.05
2026-07-21 08:08:43.000,drone_001,PLAN3,104.091548,30.639198,628.1,70.17,0.58,-0.21
2026-07-21 08:08:44.000,drone_001,PLAN3,104.091838,30.639288,628.4,69.96,0.39,-0.16
2026-07-21 08:08:45.000,drone_001,PLAN3,104.092128,30.639379,628.6,69.96,0.39,-0.00
2026-07-21 08:08:46.000,drone_001,PLAN3,104.092418,30.639470,628.8,69.76,0.39,-0.16
2026-07-21 08:08:47.000,drone_001,PLAN3,104.092708,30.639562,629.0,69.76,0.58,-0.00
2026-07-21 08:08:48.000,drone_001,PLAN3,104.092998,30.639654,629.3,69.29,0.39,-0.37
2026-07-21 08:08:49.000,drone_001,PLAN3,104.093287,30.639748,629.5,69.29,0.39,-0.00
2026-07-21 08:08:50.000,drone_001,PLAN3,104.093576,30.639842,629.7,69.09,0.58,-0.16
2026-07-21 08:08:51.000,drone_001,PLAN3,104.093865,30.639937,630.0,69.02,0.39,-0.05
2026-07-21 08:08:52.000,drone_001,PLAN3,104.094153,30.640032,630.2,68.82,0.39,-0.16
2026-07-21 08:08:53.000,drone_001,PLAN3,104.094441,30.640128,630.4,68.62,0.58,-0.16
2026-07-21 08:08:54.000,drone_001,PLAN3,104.094729,30.640225,630.7,68.62,0.39,-0.00
2026-07-21 08:08:55.000,drone_001,PLAN3,104.095017,30.640322,630.9,68.35,0.39,-0.21
2026-07-21 08:08:56.000,drone_001,PLAN3,104.095304,30.640420,631.1,68.35,0.58,-0.00
2026-07-21 08:08:57.000,drone_001,PLAN3,104.095591,30.640518,631.4,67.95,0.39,-0.32
2026-07-21 08:08:58.000,drone_001,PLAN3,104.095878,30.640618,631.6,68.08,0.39,0.10
2026-07-21 08:08:59.000,drone_001,PLAN3,104.096164,30.640717,631.8,67.68,0.58,-0.32
2026-07-21 08:09:00.000,drone_001,PLAN3,104.096450,30.640818,632.1,67.68,0.39,-0.00
2026-07-21 08:09:01.000,drone_001,PLAN3,104.096736,30.640919,632.3,67.41,0.39,-0.22
2026-07-21 08:09:02.000,drone_001,PLAN3,104.097021,30.641021,632.5,67.41,0.39,-0.00
2026-07-21 08:09:03.000,drone_001,PLAN3,104.097306,30.641123,632.7,67.21,0.58,-0.16
2026-07-21 08:09:04.000,drone_001,PLAN3,104.097591,30.641226,633.0,67.14,0.39,-0.06
2026-07-21 08:09:05.000,drone_001,PLAN3,104.097875,30.641329,633.2,66.87,0.39,-0.22
2026-07-21 08:09:06.000,drone_001,PLAN3,104.098158,30.641433,633.4,66.75,0.58,-0.10
2026-07-21 08:09:07.000,drone_001,PLAN3,104.098442,30.641538,633.7,66.67,0.39,-0.06
2026-07-21 08:09:08.000,drone_001,PLAN3,104.098725,30.641643,633.9,66.40,0.39,-0.22
2026-07-21 08:09:09.000,drone_001,PLAN3,104.099007,30.641749,634.1,66.20,0.58,-0.16
2026-07-21 08:09:10.000,drone_001,PLAN3,104.099289,30.641856,634.4,66.20,0.39,-0.00
2026-07-21 08:09:11.000,drone_001,PLAN3,104.099571,30.641963,634.6,66.13,0.39,-0.06
2026-07-21 08:09:12.000,drone_001,PLAN3,104.099852,30.642070,634.8,65.93,0.39,-0.16
2026-07-21 08:09:13.000,drone_001,PLAN3,104.100133,30.642178,635.0,65.65,0.58,-0.22
2026-07-21 08:09:14.000,drone_001,PLAN3,104.100413,30.642287,635.3,65.65,0.39,-0.00
2026-07-21 08:09:15.000,drone_001,PLAN3,104.100693,30.642396,635.5,65.38,0.39,-0.22
2026-07-21 08:09:16.000,drone_001,PLAN3,104.100972,30.642506,635.7,65.38,0.39,-0.00
2026-07-21 08:09:17.000,drone_001,PLAN3,104.101251,30.642616,635.9,65.18,0.58,-0.16
2026-07-21 08:09:18.000,drone_001,PLAN3,104.101530,30.642727,636.2,65.10,0.39,-0.06
2026-07-21 08:09:19.000,drone_001,PLAN3,104.101808,30.642838,636.4,64.83,0.39,-0.22
2026-07-21 08:09:20.000,drone_001,PLAN3,104.102085,30.642950,636.6,64.83,0.39,-0.00
2026-07-21 08:09:21.000,drone_001,PLAN3,104.102362,30.643062,636.8,64.55,0.39,-0.22
2026-07-21 08:09:22.000,drone_001,PLAN3,104.102638,30.643175,637.0,64.55,0.59,-0.00
2026-07-21 08:09:23.000,drone_001,PLAN3,104.102914,30.643288,637.3,64.27,0.39,-0.22
2026-07-21 08:09:24.000,drone_001,PLAN3,104.103189,30.643402,637.5,64.27,0.39,-0.00
2026-07-21 08:09:25.000,drone_001,PLAN3,104.103464,30.643516,637.7,64.00,0.39,-0.22
2026-07-21 08:09:26.000,drone_001,PLAN3,104.103738,30.643631,637.9,64.00,0.39,-0.00
2026-07-21 08:09:27.000,drone_001,PLAN3,104.104012,30.643746,638.1,63.72,0.59,-0.22
2026-07-21 08:09:28.000,drone_001,PLAN3,104.104285,30.643862,638.4,63.63,0.39,-0.07
2026-07-21 08:09:29.000,drone_001,PLAN3,104.104557,30.643978,638.6,63.44,0.39,-0.16
2026-07-21 08:09:30.000,drone_001,PLAN3,104.104829,30.644095,638.8,63.44,0.39,-0.00
2026-07-21 08:09:31.000,drone_001,PLAN3,104.105101,30.644212,639.0,63.27,0.40,-0.14
2026-07-21 08:09:32.000,drone_001,PLAN3,104.105371,30.644329,639.2,63.16,0.39,-0.09
2026-07-21 08:09:33.000,drone_001,PLAN3,104.105642,30.644447,639.4,62.98,0.40,-0.14
2026-07-21 08:09:34.000,drone_001,PLAN3,104.105911,30.644565,639.6,62.79,0.40,-0.16
2026-07-21 08:09:35.000,drone_001,PLAN3,104.106180,30.644684,639.8,62.70,0.40,-0.07
2026-07-21 08:09:36.000,drone_001,PLAN3,104.106448,30.644803,640.0,62.70,0.40,-0.00
2026-07-21 08:09:37.000,drone_001,PLAN3,104.106716,30.644922,640.2,62.42,0.60,-0.23
2026-07-21 08:09:38.000,drone_001,PLAN3,104.106983,30.645042,640.5,62.22,0.40,-0.16
2026-07-21 08:09:39.000,drone_001,PLAN3,104.107250,30.645163,640.7,62.24,0.40,0.01
2026-07-21 08:09:40.000,drone_001,PLAN3,104.107515,30.645283,640.9,62.13,0.40,-0.09
2026-07-21 08:09:41.000,drone_001,PLAN3,104.107781,30.645404,641.1,61.76,0.40,-0.30
2026-07-21 08:09:42.000,drone_001,PLAN3,104.108045,30.645526,641.3,61.95,0.40,0.16
2026-07-21 08:09:43.000,drone_001,PLAN3,104.108309,30.645647,641.5,61.67,0.40,-0.23
2026-07-21 08:09:44.000,drone_001,PLAN3,104.108572,30.645769,641.7,61.47,0.40,-0.16
2026-07-21 08:09:45.000,drone_001,PLAN3,104.108835,30.645892,641.9,61.38,0.20,-0.07
2026-07-21 08:09:46.000,drone_001,PLAN3,104.109097,30.646015,642.0,61.29,0.40,-0.07
2026-07-21 08:09:47.000,drone_001,PLAN3,104.109358,30.646138,642.2,61.19,0.40,-0.07
2026-07-21 08:09:48.000,drone_001,PLAN3,104.109618,30.646261,642.4,61.00,0.40,-0.16
2026-07-21 08:09:49.000,drone_001,PLAN3,104.109878,30.646385,642.6,60.90,0.40,-0.08
2026-07-21 08:09:50.000,drone_001,PLAN3,104.110137,30.646509,642.8,60.90,0.40,-0.00
2026-07-21 08:09:51.000,drone_001,PLAN3,104.110396,30.646633,643.0,60.61,0.40,-0.23
2026-07-21 08:09:52.000,drone_001,PLAN3,104.110654,30.646758,643.2,60.52,0.41,-0.08
2026-07-21 08:09:53.000,drone_001,PLAN3,104.110911,30.646883,643.4,60.42,0.20,-0.08
2026-07-21 08:09:54.000,drone_001,PLAN3,104.111167,30.647008,643.5,60.23,0.41,-0.16
2026-07-21 08:09:55.000,drone_001,PLAN3,104.111423,30.647134,643.7,60.33,0.41,0.08
2026-07-21 08:09:56.000,drone_001,PLAN3,104.111678,30.647259,643.9,60.03,0.41,-0.24
2026-07-21 08:09:57.000,drone_001,PLAN3,104.111932,30.647385,644.1,59.74,0.41,-0.24
2026-07-21 08:09:58.000,drone_001,PLAN3,104.112185,30.647512,644.3,59.93,0.21,0.16
2026-07-21 08:09:59.000,drone_001,PLAN3,104.112438,30.647638,644.4,59.64,0.41,-0.24
2026-07-21 08:10:00.000,drone_001,PLAN3,104.112690,30.647765,644.6,59.64,0.00,0.00
